short_description,close_notes,etiqueta
VINCULACION PREVENTAS FIDUCIARIA (ONE ID) - Se genera la vinculación de 1 cliente,"Cerrado por sistemas, sin respuesta",2
VINCULACION PREVENTAS FIDUCIARIA (ONE ID) - Se genera la vinculación del cliente,"Cerrado por sistemas, sin respuesta",2
Se presenta inconveniente para la vinculación y apertura de productos en  Vinculación Preventas Fiduciaria (One Id),Solución Temporal,2
VINCULACION PREVENTAS FIDUCIARIA (ONE ID) - Problema para la vinculación y apertura de productos en  Vinculación Preventas ,"Buen día.

se identificó que a veces la Base de Datos que se usa para la fiduciaria con el cluster de Kubernetes pierde conexión con el servicio vinculacion-backend-service, por lo cual, para la solución se hace un reinicio del servicio. Nos encontramos trabajando para brindar la solución de raíz y mientras tanto se esta haciendo monitoreo del servicio para atacarlo si el problema se vuelve a presentar.",2
VINCULACION PREVENTAS FIDUCIARIA (ONE ID):  La plataforma OneId no reporto a Davibox los archivos de cargue a SAF,"Cerrado por sistemas, sin respuesta",0
VINCULACION PREVENTAS FIDUCIARIA (ONE ID):procesos independientes de diferentes,"No se obtuvo respuesta del Usuario. 
Cerrado por el sistema.",2
VINCULACION PREVENTAS FIDUCIARIA (ONE ID): Se presenta inconveniente para la vinculación de Clientes,"Cordial saludo.
Se realizan las pruebas y estas fueron exitosas.",2
VINCULACION PREVENTAS FIDUCIARIA (ONE ID):no permite autenticar ,"Se ha copiado Notas de resolución del incidente principal: Cordial saludo.
Se realizan las pruebas y estas fueron exitosas.",2
VINCULACION PREVENTAS FIDUCIARIA (ONE ID) - Error: Encargo asignado a 2 clientes diferentes,"No se obtuvo respuesta del Usuario. 
Cerrado por el sistema.",2
VINCULACION PREVENTAS FIDUCIARIA (ONE ID) - Sistema no disponible,"No se obtuvo respuesta del Usuario. 
Cerrado por el sistema.",2
VINCULACION PREVENTAS FIDUCIARIA (ONE ID) - Autenticación por preguntas reto no pasa,"No se obtuvo respuesta del Usuario. 
Cerrado por el sistema.",2
VINCULACION PREVENTAS FIDUCIARIA (ONE ID) - No se visualizan correctamente los archivos de firma,"No se obtuvo respuesta del Usuario. 
Cerrado por el sistema.",1
VINCULACION PREVENTAS FIDUCIARIA (ONE ID) - Se genera proceso de 2 compradores,"No se obtuvo respuesta del Usuario. 
Cerrado por el sistema.",2
"FVINCULACION PREVENTAS FIDUCIARIA (ONE ID):  No permite inciar sesión ni usando la opción de ""olvide contraseña""Favor Asignar a Mauricio Guerrero","No se obtuvo respuesta del Usuario. 
Cerrado por el sistema.",2
VINCULACION PREVENTAS FIDUCIARIA (ONE ID) - Recibió y firmo el NIC pero el encargo No se recibió.,"No se obtuvo respuesta del Usuario. 
Cerrado por el sistema.",1
VINCULACION PREVENTAS FIDUCIARIA (ONE ID) - Cliente no pasa  la validación Sarlaft,"Buen día Patricia

Se realizó el escalamiento internamente a Andres Bernal que es el PM del proyecto debido a que el asunto de las listas que se consultan fueron acuerdos a nivel de producto y que están bajo gestión comercial basándonos en esto se aleja de la parte técnica y se trabajará bajo la parte comercial.",2
VINCULACION PREVENTAS FIDUCIARIA (ONE ID),"No se obtuvo respuesta del Usuario. 
Cerrado por el sistema.",2
VINCULACION PREVENTAS FIDUCIARIA (ONE ID): Procesos sin documentación completa,"Buen día Patricia

Ya finalizamos la revisión del 5 caso que estaba pendiente, e este se identifica que una vinculación de cuatro compradores uno de ellos no recibió los documentos para su firma (1017179562 DANIELA SIERRA ) realizamos la búsqueda respectiva y identificamos que la causa fue que el lugar de expedición en su información básica no se almacenó generando la falla en la generación de los pdf, se realizó la generación del NIC para ese cliente y la única novedad al respecto es que todos los involucrados tienen que volver a firmar el encargo fiduciario.

En base a esto realizamos una búsqueda para validar si habían más vinculaciones con esta casuística encontrando que solo la vinculación asociada a este caso lo presentó, desde el código de la app se dejó el control que por ningún motivo este lugar de expedición no se vaya en blanco.",0
VINCULACION PREVENTAS FIDUCIARIA (ONE ID) :Se generan 6 procesos con 6 asesores diferentes de los cuales al proceso de cc 10283750 se le presenta error,"No se obtuvo respuesta del Usuario. 
Cerrado por el sistema.",2
VINCULACION PREVENTAS FIDUCIARIA (ONE ID),"Buen día

Revisando logs, base de datos y firebase que son los lugares donde almacena toda la información del usuario evidenciamos que la información y el consumo del servicio smtp se realizo de manera correcta. Por otro lado, evidenciamos que el usuario también hizo el restablecimiento de la contraseña, mensaje el cual también fue enviado sin problemas a su correo electrónico, adicional realizamos pruebas de envío de código para verificar si había una falla del mismo y sin problema.

Observamos que el cliente ingreso a la app y que el código se le envió correctamente. Se adjunta evidencia.

¿Se sigue presentando el problema?

Quedo atento",1
12/12/2022 Error en validación de identidad (Registraduria),"
Después de realizada la revisión se evidencia en los logs que el proveedor nos retorno un error 502 lo cual significa Servidor no disponible lo cual estaba generando que mencionará servicio de registraduría no disponible, esto fue en un periodo de tiempo corto momento en el cual se vió afectada la validación de identidad del usuario en mención, después de ello se realiza prueba de validación nuevamente y este se ejecuta sin problema.

Este porcentaje de falla esta contemplado en la disponibilidad de la aplicación. Por otro lado, vamos a crear una alerta adicional con ese error retornado en especial que si llegase a suceder de nuevo se lo informaríamos.

Se realizó la creación de la alerta el día de ayer por si el inconveniente se vuelve a presentar teniendo en cuenta el porcentaje de fallo que en alguna consulta nos pueda retornar y actuar de forma proactiva.
",2
VINCULACION PREVENTAS FIDUCIARIA (ONE ID) 15_12_2022 Proceso flatante en davibox,"Buen día.

Se revisó la vinculación la cual fue creada el 09/10/2022, se había firmado el NIC completamente y el encargo también. Sin embargo, teníamos un error de callback en la finalización de la firma del encargo fiduciario, esto se generó cuando teníamos inconvenientes con la plataforma los cuales en este momento ya fueron atacados, lo realizado fue ejecutar el callback nuevamente y la firma se encuentra en este momento firmado y el día de mañana ya podrían visualizar los archivos en Davibox.

Estos errores de callback no deben volver a presentarse por los ajustes realizados en varios de los servicios de la plataforma fidudavivienda.",0
16_12_2022 Error Visualización Proyectos Perfil Asesor,"Hola buen día.

Después de realizada la sesión se identifica que al usuario se le estaba asociando una constructora y a la vez se le asignaba proyectos de otra constructora la cual no tenía asignada generando que le apareciera la constructora pero no los proyectos, como consejo siempre se debe validar y verificar ellos a la hora de crear o asignar información a los usuarios.",0
VINCULACION PREVENTAS FIDUCIARIA (ONE ID) Error ingreso y creación usuario asesor,"Cerrado por sistema, sin respuesta",2
VINCULACION PREVENTAS FIDUCIARIA (ONE ID) Atentamente me permito solicitar su colaboración derivado que constructora Ingeurbe Compensar reportan que de la inver,"Buen día 

Nosotros no podemos cerrar el caso pero procedemos a dejarlo en resuelto para que el sistema se encargue de cerrarlo.

Slds",2
VINCULACION PREVENTAS FIDUCIARIA (ONE ID) Atentamente me permito solicitar su colaboración derivado que Constructora Capital reporta que la inversión 0602000139,"Buen día

Nosotros no podemos cerrar el caso pero procedemos a dejarlo en resuelto para que el sistema se encargue de cerrarlo.

Slds",2
VINCULACION PREVENTAS FIDUCIARIA (ONE ID),"No se obtuvo respuesta del Usuario. 
Cerrado por el sistema",2
VINCULACION PREVENTAS FIDUCIARIA (ONE ID),"No se obtuvo respuesta del Usuario. 
Cerrado por el sistema",2
VINCULACION PREVENTAS FIDUCIARIA (ONE ID),"No se obtuvo respuesta del Usuario. 
Cerrado por el sistema",2
VINCULACION PREVENTAS FIDUCIARIA (ONE ID) - No genera las pregunas de seguridad para el cliente de estados unidos,"No se obtuvo respuesta del Usuario. 
Cerrado por el sistema",2
"VINCULACION PREVENTAS FIDUCIARIA (ONE ID) vincular al cliente, pero no le llegan las preguntas de seguridad ","No se obtuvo respuesta del Usuario. 
Cerrado por el sistema",2
VINCULACION PREVENTAS FIDUCIARIA (ONE ID) vincular al cliente relacionado anterioremnte con la cedula,"No se obtuvo respuesta del Usuario. 
Cerrado por el sistema",2
 VINCULACION PREVENTAS FIDUCIARIA (ONE ID):no están llegando completos los documentos  PDF al davibox ,"Buen día Claudia

Se realizaron los cargues de todos los archivos faltantes por comprador puede verificar dicho cargue el día de mañana en el Davibox

Slds",0
VINCULACION PREVENTAS FIDUCIARIA (ONE ID)  NIC para firma ,No se evidencia anomalías en los datos consultados y los archivos de firma están completos por todas las partes,1
VINCULACION PREVENTAS FIDUCIARIA (ONE ID),"No se obtuvo respuesta del Usuario. 
Cerrado por el sistema",2
VINCULACION PREVENTAS FIDUCIARIA (ONE ID) Atentamente me permito solicitar su colaboracion dado que Constructora Capital informa que la inversion No 06020001399,"No se obtuvo respuesta del Usuario. 
Cerrado por el sistema",2
VINCULACION PREVENTAS FIDUCIARIA (ONE ID),"No se obtuvo respuesta del Usuario. 
Cerrado por el sistema",2
17/01/2023 no llego el contrato de encargo fiduciario ,"No se obtuvo respuesta del Usuario. 
Cerrado por el sistema",2
VINCULACION PREVENTAS FIDUCIARIA (ONE ID) No se recibio el contrato de encargo de los clientes ,"No se obtuvo respuesta del Usuario. 
Cerrado por el sistema",2
VINCULACION PREVENTAS FIDUCIARIA (ONE ID),"No se obtuvo respuesta del Usuario. 
Cerrado por el sistema",2
VINCULACION PREVENTAS FIDUCIARIA (ONE ID) El contrato de encargo de los clientes en relacion no ha llegado,"Buen día Jenniffer 

Se evidencia que los contratos no habían cambiado de estado para poderse enviar como finalizados, en este momento los archivos se encuentran listos para enviarse a media noche y puedan disponer de ellos.

Slds",2
VINCULACION PREVENTAS FIDUCIARIA (ONE ID),"Buen día 

Se dejará en estado resuelto con el comentario brindado para que el sistema pueda cerrar el incidente.

Slds",2
"VINCULACION PREVENTAS FIDUCIARIA (ONE ID) Se hizo el proceso de vinculación de un comprador  les llegó el NIC pero no el encargo Fiduciario para firma,","No se obtuvo respuesta del Usuario. 
Cerrado por el sistema",1
"VINCULACION PREVENTAS FIDUCIARIA (ONE ID) Constructora Bolívar Cali, intentó realizar la vinculación de un comprador pero no le generó las preguntas retro ","No se obtuvo respuesta del Usuario. 
Cerrado por el sistema",2
"VINCULACION PREVENTAS FIDUCIARIA (ONE ID): Intentan hacer proceso de vinculación y sale ""SERVICIO DE REGISTRADURIA NO RESPONDE"" ","No se obtuvo respuesta del Usuario. 
Cerrado por el sistema",2
VINCULACION PREVENTAS FIDUCIARIA (ONE ID) (No le llegó el NIC a la cliente),"Buen día equipo

este incidente ya la información de la cliente esta completada y sus archivos cargados al equipo de vinculaciones

Slds",2
VINCULACION PREVENTAS FIDUCIARIA (ONE ID):   desde el mes de octubre del 2022 remitieron la vinculación de la inversión 0602000139790952,"Buen dia estimados, informo que el cliente, constructora y fiduciaria ya firmaron los documentos, mil gracias se puede proceder con el cierre del caso.",1
VINCULACION PREVENTAS FIDUCIARIA (ONE ID) - Los documentos PDF  de las vinculaciones no están llegando  completos AL DAVIBOX,"No se obtuvo respuesta del Usuario. 
Cerrado por el sistema",0
VINCULACION PREVENTAS FIDUCIARIA (ONE ID) la inversion 0602000139792164  no recibio el formulario NIC ,"Buen dia Estimados, en efecto la vinculacion ya fue legalizada el dia de hoy por nuestro equipo de vinculaciones, por favor dar cierre del incidente, gracias.",2
VINCULACION PREVENTAS FIDUCIARIA (ONE ID): Se firmaron documentos  pero no llegaron los PDF al davibox,"No se obtuvo respuesta del Usuario. 
Cerrado por el sistema",0
VINCULACION PREVENTAS FIDUCIARIA (ONE ID): No han se ha recibido copia del contrato,"No se obtuvo respuesta del Usuario. 
Cerrado por el sistema",2
VINCULACION PREVENTAS FIDUCIARIA (ONE ID):validar el encargo ,"Buen día Karen

procedemos a dejar el incidente en estado resuelto con la información suministrada, si ve necesario abrirlo nuevamente dejar comentarios y ponerlo en curso por favor.",0
VINCULACION PREVENTAS FIDUCIARIA (ONE ID):error en cargo firmado,"No se obtuvo respuesta del Usuario. 
Cerrado por el sistema",1
VINCULACION PREVENTAS FIDUCIARIA (ONE ID):no llego la vinculacion ,"No se obtuvo respuesta del Usuario. 
Cerrado por el sistema",2
VINCULACION PREVENTAS FIDUCIARIA (ONE ID)  vinculación al interior de la Fiduciaria,Buen día se procede a dejar en estado resuelto según indicaciones,2
VINCULACION PREVENTAS FIDUCIARIA (ONE ID): NO permitió firmar en lo tiempos,"No se obtuvo respuesta del Usuario. 
Cerrado por el sistema",1
VINCULACION PREVENTAS FIDUCIARIA (ONE ID),"No se obtuvo respuesta del Usuario. 
Cerrado por el sistema",2
VINCULACION PREVENTAS FIDUCIARIA (ONE ID) no recibieron de la inversion 0602000140044258  el contrato de encargo fiduciario y formulario NIC ,"No se obtuvo respuesta del Usuario. 
Cerrado por el sistema",2
"VINCULACION PREVENTAS FIDUCIARIA (ONE ID) , le llego 1 pero el otro aun no 0602000140045222","No se obtuvo respuesta del Usuario. 
Cerrado por el sistema",2
VINCULACION PREVENTAS FIDUCIARIA (ONE ID) Error en la creación de Asesores,"No se obtuvo respuesta del Usuario. 
Cerrado por el sistema",2
En días pasados coloqué un incidente del cliente Carlos Alberto Lagos Pineros CC. 1032470686 encargo 0602000139790952 porque  le había llegado el encargo pero n,"No se obtuvo respuesta del Usuario. 
Cerrado por el sistema",2
VINCULACION PREVENTAS FIDUCIARIA (ONE ID) no le aparece el proyecto,"No se obtuvo respuesta del Usuario. 
Cerrado por el sistema",2
Buen día EstimadosReciban un cordial saludoAtentamente me permito solicitar su colaboracion derivado que constructora ingeurbe compensar nos informa que el ,"No se obtuvo respuesta del Usuario. 
Cerrado por el sistema",2
VINCULACION PREVENTAS FIDUCIARIA (ONE ID)  encuentra realizando la apertura ,"No se obtuvo respuesta del Usuario. 
Cerrado por el sistema",2
VINCULACION PREVENTAS FIDUCIARIA (ONE ID): Error en la fecha de nacimiento,Caso resuelto según lo manifestado por el cliente,2
VINCULACION PREVENTAS FIDUCIARIA (ONE ID):no llega clave al correo ,"No se obtuvo respuesta del Usuario. 
Cerrado por el sistema",1
VINCULACION PREVENTAS FIDUCIARIA (ONE ID):no llegan  correo  ,"No se obtuvo respuesta del Usuario. 
Cerrado por el sistema",1
VINCULACION PREVENTAS FIDUCIARIA (ONE ID)  No llega el encargo f,"No se obtuvo respuesta del Usuario. 
Cerrado por el sistema",2
"Bolivar cali intenta vincular un cliente cuyo segundo apellido es españa y no le permite continuar intentó 3 veces y le bloqueo por el dia de hoy, agradecemos v","No se obtuvo respuesta del Usuario. 
Cerrado por el sistema",2
VINCULACION PREVENTAS FIDUCIARIA (ONE ID): Evento Riesgo Exposición ]Información No Autorizada,"No se obtuvo respuesta del Usuario. 
Cerrado por el sistema",2
"Buen dia Estimados,

A continuacion me permito adjuntar relacion de 17 encargos fiduciarios del Proyecto Los Pinos de Constructora Capital Bogota SAS los cuales","No se obtuvo respuesta del Usuario. 
Cerrado por el sistema",2
"Buenas tardes:
El día de hoy se realizó un proceso por One ID en el cual no les llega el mensaje de texto al celular sino que direcciona de una vez a preguntas ","Buen dia.
Se valida con Experian y se detecta que el numero de celular del cliente al buscarlo en el repositorio de información de Experian y contrastarlo con el numero de celular ellos no lo encuentran a pesar de que el numero del cliente si pertenezca a el, eso se puede presentar con diferentes clientes los cuales Experian no los tiene registrados en su repositorio. Por esta razón se brinda la segunda opción de contestar preguntas reto teniendo en cuenta que no pueden encontrar el numero de celular, esto no afecta la vinculación debido a que se generan preguntas retro para validación de identidad.",2
VINCULACION PREVENTAS FIDUCIARIA (ONE ID):  el sistema cambia el valor de la cuota inicial aun si el asesor coloca un valor fijo ,"Buen dia.
El incidente ya fue ajustado, solicito validar si la falla sigue persistiendo.
Saludos.",0
"Buen dia Estimados

Atentamente me permito solicitar su colaboracion derivado que Ingeurbe Compensar me reportan que para el proyecto Terra se presento incosist","No se obtuvo respuesta del Usuario. 
Cerrado por el sistema",2
"VINCULACION PREVENTAS FIDUCIARIA (ONE ID). La aplicación no permite signos y genera este error apellido tiene una comilla, D'ACHIARDI.","Buen dia.
Se estuvo validando y se determino que no es una falla de la plataforma, ya que desde las reglas solo se permite letras y espacios (No caracteres especiales).
Para que permita añadir comillas  se tendría que cambiar el diccionario y para esto se tendría que hacer una solicitud formal para realizar este cambio, pero esto no se abordaría como un tema de soporte.",1
VINCULACION PREVENTAS FIDUCIARIA (ONE ID),"No se obtuvo respuesta del Usuario. 
Cerrado por el sistema",2
VINCULACION PREVENTAS FIDUCIARIA (ONE ID) servicio de registraduría no responde,"Buen dia.
Se obtiene respuesta por parte de el proveedor de validación de identidad:

Diagnóstico:

Se identifico que la identificación no existía en los archivos de validación de la base de datos, por lo cual fue actualizada de acuerdo con lo que se encuentra registrado y disponible en la base de datos de la fuente oficial.

Causa Raíz del Evento:

Actualización Información.

Resultado:

Se realiza el proceso de validación, actualización e inclusión en la base de datos según la información que fue entregada por la fuente oficial. Esta fue disponibilizada para todos los productos y servicios de Experian, por lo cual agradecemos realizar las validaciones y pruebas que se consideren.",2
"Buenas tardes, 

Me permito reportar la falla registrada por nuestra área de vinculaciones
""la vinculación  no llegó proceso final ..., razón por la cual no se ","Buen dia.
No se había terminado el proceso de vinculación correctamente, los archivos ya se encuentran cargados y podrá disponer de ellos el davibox el dia de mañana",0
VINCULACION PREVENTAS FIDUCIARIA (ONE ID) Incosistencia en Cargues,"Buen dia.
Se realiza intervención técnica para la solución al incidente desplegando el día de ayer en horas de la noche, ya no se debería de evidenciar la falla.
Saludos.",2
VINCULACION PREVENTAS FIDUCIARIA (ONE ID) - Supero el número de intentos,"Buen dia.
Se comparte la respuesta por parte del proveedor:

Diagnóstico:

Se realiza verificación de los intentos generados para el Evidente Master OTP en donde se encuentra que para los días 3 y 6 de marzo no se aprobó la etapa de validación de identificación y además se superó el número de intentos por día. Se evidencia que para el día 4 de marzo superó la etapa de validación de identificación, no aprobó la validación OTP, pero si el cuestionario.

Resultado:

Se confirma correcto funcionamiento del producto y se sugiere realizar este tipo de validaciones a través de las consultas en las estadísticas detalladas.",1
"Buen día Estimados, El día de hoy constructora capital Bogotá SAS nos reporta 7 inversiones del Proyecto Los Pinos sin legalizar, motivo por el cual nos solicit","Buen dia.

Se adjunta archivo con las observaciones de cada uno de los 7 encargos para revisión.",0
"Buenos días, 


A la sala de venas no le llegó la copia del NIC ni del contrato de encargo Fiduciario para firmar del siguiente cliente:

fecha y hora: 2023/03/","Buen dia Paula.
Se valida el incidente, pero evidenciamos que se le envió el correo a la asesora EDY NATALIA SUAREZ VELEZ se adjunta imagen.
De igual manera también se les envía nic y encargo a los clientes en mención.",1
ERROR PERFIL ADMINISTRADOR TRIADA - El usuario administrador de la Constructora está teniendo acceso al módulo de proyectos,"Buen dia.
Ya se realizo el ajuste de el inconveniente.",2
"Agradezco tu valiosa colaboración para revisar el usuario wbaquero@marval.com.co debido a que no permite el ingreso a la plataforma. Una vez fue creado, llegó l",Cerrado por solicitante,2
VINCULACION PREVENTAS FIDUCIARIA (ONE ID): no permite descargar el informe general para los usuarios con perfil constructora y asesor,"Buen dia.
La solución al problema requirió intervención técnica, ya se realizo el ajuste mediante despliegue a ambiente productivo.",2
VINCULACION PREVENTAS FIDUCIARIA (ONE ID): ERROR PROCESOS DUPLICADOS PARA FIRMA,"No se obtuvo respuesta del Usuario. 
Cerrado por el sistema",1
VINCULACION PREVENTAS FIDUCIARIA (ONE ID) - NO DESPLIEGA LA LISTA DE PROYECTOS,"No se obtuvo respuesta del Usuario. 
Cerrado por el sistema",2
VINCULACION PREVENTAS FIDUCIARIA (ONE ID)  no es posible que les llegue el mensaje de texto,"Buen dia.
Se realizan las respectivas validaciones y en efecto la persona con cc 10483102 No tiene suficiente información en la base de datos para hacer el cuestionario, por otro lado ha excedido en número de intentos (Exitosos o fallidos), configurados en la parametria por año, mes y día. Se evidencia en las estadísticas que el día 4/03/2023 genero rechazo en la generación del cuestionario por este motivo sin historial de crédito.",2
VINCULACION PREVENTAS FIDUCIARIA (ONE ID)  Damaris RenteriaNO recibio  los documentos para firma  ,"Buen dia.
Se evidencia que el proceso de vinculación las firmas ya se encuentra finalizado por todos los firmantes lo que quiere decir que el cliente si recibió las firmas al correo mencionado, adjunto evidencia del proceso con etapa 6 lo cual significa que el proceso fue finalizado y la fecha de finalizado es 10/03/2023.
",1
VINCULACION PREVENTAS FIDUCIARIA (ONE ID) no esta trayendo  todos los campos (columnas) ,"No se obtuvo respuesta del Usuario. 
Cerrado por el sistema",2
"Se identifico que en la herramienta ONE  ID,  se esta recibiendo un proceso de legalización en días repetidos para un mismo cliente aun cuando el proceso para d","Buen dia lady.
Se detecta que el envío a firmas se realizo 2 veces, esto genera doble documentacion para firmas se adjuntan evidencias.
El envió a firmas es ilimitado pero se genera un solo y único  id de vinculación. muy seguramente el asesor envió a firmas la primera vez y 11 minutos mas tarde volvió
 a enviar a firmas por tal motivo el cliente firmo doble documentación.",0
"Buenas tardes, dentro del proceso de legalización de inversiones a traves de la herramienta ONE ID, se identificó que los documentos que  estan llegando al Davi","Buen dia Lady.
Se realiza ajuste de los documentos mencionados , por otro lado también se ajusta para que el problema no vuelva a paso con los demás documentos para el futuro, El ajuste se vera reflejado para el dia de mañana 23/03/2023.",0
VINCULACION PREVENTAS FIDUCIARIA (ONE ID):ERROR PARA RECUPERAR CONTRASEÑA,"Hola Camila

Buen día.

Ya es posible recuperar la contraseña de la usuaria leidy.corredor@constructorabolivar.com sin que arroje el mensaje que estaba saltando, este se debía al # de intentos de restablecimiento de contraseña donde se bloqueo el usuario por este número de intentos, esto fue solventado y se realizan pruebas para garantizar que no pase a la hora que la usuaria intente cambiar su contraseña.

Slds ",1
"ERROR DE ACCESO A LA PLATAFORMA - PÁGINA PEGADA

Fecha: 08/03/2023
Usuario: 
beatriz.calderon@constructorabolivar.com
margareth.jaramillo@constructorabolivar.co","Buen dia. 
Se realiza ajuste a nivel de base de datos, al momento los usuarios podrán hacer el proceso de olvido de contraseña",2
"ERROR NO LLEGA CODIGO DE VERIFICACIÓN

Fecha: 08/03/2023
Usuarios:
laura.coll@constructorabolivar.com
sandra.perilla@constructorabolivar.com
Constructor: Constr",Cerrado por solicitante,2
"ERROR NO GENERA ENCARGO FIDUCIARIO

Fecha: 09/03/2023
Usuario: maria.alvis@constructorabolivar.com
C.C. 1052079993
Nombre: ALVIS OCHOA MARIA ALEJANDRA
Construct",Cerrado por solicitante,2
Indicamos que  de las vinculaciones del día 13/03/2023  la inversión  0602000140131352 se evidencia que en  PDF Correspondiente a encargo fiduciario  llegaron  ,"No se obtuvo respuesta del Usuario. 
Cerrado por el sistema",2
"SIN ACCESO A LOS PROYECTOS

Fecha: 08/03/2023
Usuario: karen.sanchez@constructorabolivar.com
C.C. 1001348392
Nombre: KAREN NATALIA SANCHEZ LESMEZ
Constructor: C",Cerrado por solicitante,2
"el dia 12 de  febrero se firmo el encargo  pero no llego el soporte de finalización del mismo, a la fecha la vinculación se encuentra sin finalizar agradecemos ",Cerrado por solicitante,1
VINCULACION PREVENTAS FIDUCIARIA (ONE ID): Falla en contraseña ,"No se obtuvo respuesta del Usuario. 
Cerrado por el sistema",2
"ERROR PÁGINA PEGADA

1020830126
Laura.alvarez@constructorabolivar.com

55306116
BEATRIZ.RUIZ@CONSTRUCTORABOLIVAR.COM

Los usuarios realizan el proceso de olvido","Hola Camila

Buen día.

Efectivamente los usuarios estaban con esas inconsistencias en la base de datos y a la hora de hacer recovery de contraseña la aplicación se quedaba cargando porque no encontraba un match entre el correo y el usuario que estaba recuperando, ya los usuarios fueron ajustados y pueden hacer el proceso de recuperar la contraseña y deberían poder hacerlo sin problema.

Slds",1
VINCULACION PREVENTAS FIDUCIARIA (ONE ID):no llego el archivo ,Cerrado por solicitante,2
VINCULACION PREVENTAS FIDUCIARIA (ONE ID) - contrato,"No se obtuvo respuesta del Usuario. 
Cerrado por el sistema",2
Buenos días  del día 12 de diciembre  el cliente  identificado con 1107537809  realizo el  proceso de vinculación   donde se recibió para firmas  el documento f,"No se obtuvo respuesta del Usuario. 
Cerrado por el sistema",1
"ERROR ASESOR SIN ACCESO AL PROYECTO

Usuario: JEAN.VIVENCI@CONSTRUCTORABOLIVAR.COM
C.C. 1140822771
Nombre: Jean Paul Vivenzi Rojas
Cel. 3108805283

El error con","No se obtuvo respuesta del Usuario. 
Cerrado por el sistema",2
VINCULACION PREVENTAS FIDUCIARIA (ONE ID) : Se presenta interrupción en el acceso a Vinculación preventas Fiduciaria (One ID),"Buen dia.

Los usuarios nos confirman normalidad con el aplicativo",1
VINCULACION PREVENTAS FIDUCIARIA (ONE ID) - contrato,"Buen dia.
El encargo aun no llega ya que el cliente no lo ha firmado, el proceso de firma estaba caducado, ya se amplio la caducidad de el mismo para que firme, y así mismo se le hace llegar correo para firmas.",1
"Buenas tardes:. 
Agradezco su ayuda ya que el formato NIC del señor Nelson eduardo Herrera Prieto 79641954 le ha llegado a la constructora 2 veces para firma pe","Buen dia.
Detectamos que el cliente se envió dos veces para firmas lo cual un proceso ya esta terminado, por tal motivo se generaron dos NIC.",1
VINCULACION PREVENTAS FIDUCIARIA (ONE ID) -  no le llega el codigo de cofnirmacion para ingresar a la app ,"No se obtuvo respuesta del Usuario. 
Cerrado por el sistema",2
VINCULACION PREVENTAS FIDUCIARIA (ONE ID): Solicito su colaboraciond ebido a que no permite vincular a un cliente aparece el error adjunto,"No se obtuvo respuesta del Usuario. 
Cerrado por el sistema",2
VINCULACION PREVENTAS FIDUCIARIA (ONE ID) - Se queda cargando y no permite el ingreso a la plataforma,"Buen dia.
Se confirma ingreso a la herramienta.",1
03/04/2023Buen dia solicito su colaboracion con el caso del encargo 0602000139740247-se firmaron documentos el 2 de febrero pero no  llegaron los documentos,"Hola Jenifer

Buen día.

Evidenciamos que el documento W9 no se había completado de manera correcta lo cual generaba que la vinculación no estuviera finalizada, ya los archivos deben aparecer mañana en el Davibox.

Slds",0
03/04/2023Buen dia solicito su colaboracion con el caso del encargo 0602000139925798Se firmaron  los documentos pero no llegaron los documentos al davibox p,"No se obtuvo respuesta del Usuario. 
Cerrado por el sistema",0
VINCULACION PREVENTAS FIDUCIARIA (ONE ID) - Caso del encargo 0602000139926564,"Hola  Jennifer

Buen día.

ya los archivos fueron gestionados, el día de mañana los debe tener en el Davibox con el traspaso de información el día de hoy.

Slds",0
"Buenas tardes,  del día 30 y 31 del 2023 tenemos los siguientes clientes(duplicados) gestionados los dos días con el mismo  numero de inversión , se  identifica","Buen dia.
Como se ha hablado anteriormente, este tema se va a abordar como una solicitud mas no como un tema de soporte, ya se están adelantando las acciones para implementar la mejora.",2
VINCULACION PREVENTAS FIDUCIARIA (ONE ID) no le permite descargar el reporte,"No se obtuvo respuesta del Usuario. 
Cerrado por el sistema",2
"Fecha y hora: 1, 2, 3 y 4 de abril 
tipo y número de identificación cliente: CC 52693126 y 80356296
Datos de la asesora de sala: ADRIANA CERQUERA CC 52015959 ","Buen dia.
Se realiza ajuste a nivel técnico solventando lo reportado.",2
VINCULACION PREVENTAS FIDUCIARIA (ONE ID) pero se encuentra creada de forma exitosa ,"No se obtuvo respuesta del Usuario. 
Cerrado por el sistema",2
VINCULACION PREVENTAS FIDUCIARIA (ONE ID):no llegaron los documentos ,"No se obtuvo respuesta del Usuario. 
Cerrado por el sistema",1
"Buenos dias:
Tenemos dos casos de one ID Bolivar cali que le llegaron los documentos al cliente y los firmo pero no al asesor, en validación de un caso anterio","Buen dia.
Detectamos que el encargo aun no se firmo en su totalidad, se realiza reenvío para culmine el proceso de firmas.
Con respecto a la vinculación de  DANIELA PORRAS BALANTA mañana se veran reflejados los archivos en el davibox",0
VINCULACION PREVENTAS FIDUCIARIA (ONE ID): Solicito su colaboración activando la siguiente firma de NIC con el código 2DJ71678651382657R885,"Hola Jeniffer

Buen día.
ya fue ampliada la fecha de caducidad del proceso hasta el 31 de Mayo para que está pueda ser completada y adicional a ello se envió un recordatorio al asesor 
danny.copete@constructorabolivar.com para que pueda realizar la firma del NIC. Adjunto evidencia de la fecha ampliada.

Slds",1
VINCULACION PREVENTAS FIDUCIARIA (ONE ID): Vinculación de cliente no es posible ,"No se obtuvo respuesta del Usuario. 
Cerrado por el sistema",2
VINCULACION PREVENTAS FIDUCIARIA (ONE ID)] Se presenta interrupción en el acceso a VINCULACION PREVENTAS FIDUCIARIA (ONE ID),"Hola Camila

Buen día.

Reiniciamos el servicio llamado vinculacion-backend-service del cluster de Kubernetes porque el backend no estaba respondiendo las peticiones de acceso a la aplicación, con esto el aplicativo quedó funcionando y accediendo sin problema.

Se verifica acceso desde nosotros y desde los usuarios. Adjunto evidencia

Slds",2
VINCULACION PREVENTAS FIDUCIARIA (ONE ID): no esta permitiendo el ingreso a los asesores,"Se ha copiado Notas de resolución del incidente principal: Hola Camila

Buen día.

Reiniciamos el servicio llamado vinculacion-backend-service del cluster de Kubernetes porque el backend no estaba respondiendo las peticiones de acceso a la aplicación, con esto el aplicativo quedó funcionando y accediendo sin problema.

Se verifica acceso desde nosotros y desde los usuarios. Adjunto evidencia

Slds",2
VINCULACION PREVENTAS FIDUCIARIA (ONE ID):modificando  el correo del cliente ,"Buen dia.
Se realiza ajuste de correo y se envía a firmas.",1
"Buenas tardes:
Tenemos los siguentes casos, los cuales estan firmados por todas las partes pero no se han cargado a davibox ni subido la totalidad de documento","Buen dia.
Se realiza ajuste, se suben los archivos y estos viajaran al davibox el dia de mañana y así mismo se veran reflejados.",0
VINCULACION PREVENTAS FIDUCIARIA (ONE ID):activan la firmas ,"Buen dia.
Se amplia plazo a firmas, por favor continuar con el proceso.",1
21/04/2023Buen dia solicito su colaboracion reactivando el NIC para firmas del cliente 71311799  derivado a que caduco y no se realizaron la respectivas firma,"Buen dia.
Se amplia plazo a firmas, por favor continuar con el proceso.",1
VINCULACION PREVENTAS FIDUCIARIA (ONE ID):no se genero las firmas,"Buen dia.
Se amplia plazo a firmas, por favor continuar con el proceso.",1
"21/04/2023Buen dia solicitamos su apoyo derivado de que debemos legalizar los encargos adjuntos para el desembolso de proyectos, esto se reuquiere con urgenci","No se obtuvo respuesta del Usuario. 
Cerrado por el sistema",0
"Buen dia Estimados

Atentamente me permito solicitar la validacion del incidente presentando en la plataforma ONEID para el Proyecto Terra de Constructora Ing","No se obtuvo respuesta del Usuario. 
Cerrado por el sistema",2
VINCULACION PREVENTAS FIDUCIARIA (ONE ID) - ,"Buen dia.
El proceso de firmas ha sido completado realizamos cargue de documentos y estos serán reflejados en davibox para el dia de mañana 26 de abril",0
Para la cedula 43611733  el día 10 de abril se completo el proceso de firmas para el encargo fiduciario  y el día 20 de abril se completo el proceso de firmas p,"No se obtuvo respuesta del Usuario. 
Cerrado por el sistema",1
VINCULACION PREVENTAS FIDUCIARIA (ONE ID) correo se vinvculo el cliente,"Hola Jeniffer

Buen día.

Ya fueron enviados los sobres al correo correcto de la usuaria en mención. Adjunto evidencia.

Se procede a dejar el caso en resuelto.

Slds",1
VINCULACION PREVENTAS FIDUCIARIA (ONE ID) reenvio a firmas de los siguientes clientes,"Hola Jeniffer

Buen día.

- Se reenvía nic al cliente con correo dankamartinez@outlook.com asociado al encargo 0602000139983078
- El nic del comprador 45560031 en este momento esta pendiente por firmar el asesor con correo angie.santos@constructorabolivar.com - 0602000139983144, el cliente firmó hasta el día de hoy.
- Se amplió la fecha de caducidad del NIC que estaba caducado, se realiza envió de recordatorio de firma al cliente 52995191 con correo 
lmartinezarcor@hotmail.com - encargo 0602000139999652.

Se procede a dejar el caso en resuelto con las actualizaciones.

Slds",1
VINCULACION PREVENTAS FIDUCIARIA (ONE ID),"Buena tarde.
Al momento el proceso de firmas ha sido completado, los documentos se verán reflejados en la herramienta davibox el día de mañana 28 de abril.
Saludos.",0
VINCULACION PREVENTAS FIDUCIARIA (ONE ID) - no se a generado la legalizacion de las siguiente inversiones ,"Cordial saludo.
Efectivamente tanto los documentos NIC y encargo ya están firmados y estos se verán reflejados en davibox para el día de mañana 28 de abril.
Quedamos atentos a la validación de las cédula mencionadas el dia de mañana si están en la herramienta davibox.",0
Se presenta interrupción en el acceso a Vinculación Preventas (One ID),"Usuarios confirman normalidad en el aplicativo el incidente se asocia al PRB PRB0041385 como solución temporal, mientras seguimos validando la solución permanente. ",1
VINCULACION PREVENTAS FIDUCIARIA (ONE ID) - No reciben el correo una vez se efectua la creación de los mismos en la plataforma,"No se obtuvo respuesta del Usuario. 
Cerrado por el sistema",1
VINCULACION PREVENTAS FIDUCIARIA (ONE ID): no se han completado las legalizaciones,"Cordial saludo.
Se realizan las siguientes validaciones.

602000139984282 > Se realiza reenvío de documento nic para firma, encargo firmado
602000139986410 > Se realiza reenvío de documento nic para firma, encargo firmado
602000139986451 > Se realiza reenvío de documento nic para firma, encargo firmado
602000139986972 > Se realiza reenvío de documento nic para firma, encargo firmado
602000139987178  > Se realiza reenvío de documento nic para firma, encargo firmado",1
"Buenos días, agradezco el reenvio de los documentos para firma de los siguientes clientes dado que no han finalizado el proceso:
HARBEY JAIR GUERRERO BULLA CC ","Cordial saludo.
HARBEY JAIR GUERRERO BULLA CC 1022343979 (NIC Y CONTRATO) > Documentos reenviados
SANDRA PATRICIA MORENO CULMA CC 1010163676 (NIC) > proceso culminado, mañana se verán los documentos en la herramienta davibox
NUBIA MARGOT RODRIGUEZ BOLANOS CC 20505118 (NIC) documento nic reenviado",0
"LOS USUARIOS RELACIONADOS A CONTINUACIÓN RECIBIERON EL CORREO PARA CAMBIO DE CLAVE DE ONE ID, SIN EMBARGO AL INGRESAR Y COLOCAR LA CLAVE (QUE COMIENZA POR @) LE",Después de la sesión se evidencio que la falla no es del aplicativo el error era por que los usuarios estaban poniendo mal la clave ,1
"Buen dia Estimados

Reciban un cordial saludo

Atentamente me permito solicitar el envío de clave de autenticación a los correos autorizados a las asesoras ","Buen dia.
Se confirma el ingreso a la plataforma",1
VINCULACION PREVENTAS FIDUCIARIA (ONE ID):no permite cambio de contraseña,"No se obtuvo respuesta del Usuario. 
Cerrado por el sistema",2
"De las vinculaciones  gestionadas el día 11/05/2023 no llegaron al davibox los documentos de  vinculación del cliente C.C  1022989483	LEIDY LORENA 	LAGOS	CELY ,","Buen dia.
Detectamos un error en el callback al momento de llamar los documentos, al momento se solventa.
Se realiza el cargue de los documentos, estos se verán reflejados el día de mañana en la herramienta davibox",0
"Fecha: 11 de abril a 07 de mayo
Usuario:  LAURA DANIELA PARGA VERDUGO Constructora Triada
Error: Los clientes relacionados a continuación fueron remitidos par","Cordial saludo.
Se realiza reenvío de documento nic a los clientes mencionados.",2
"Buenas tardes Agradezco su ayuda con el reenvio:

nos ayudas para reenviar los correos de NIC y apertura de encargo fiduciario a los clientes del número de en","Cordial saludo.
Detectamos que hay una novedad por el lado del correo de los clientes, no les llega el correo de los documentos ya que posiblemente las bandejas de entrada estén muy llenas, lo reportado no es un error tecnológico, solicito validar las evidencias adjuntas con los clientes.",0
"buenas tardes, realice la creacion de un incidente sobre el cargue de los documentos en Davibox del cliente ERIKA NEIRA MONTOYA CC 66912648 encarfgo 06020001399","No se obtuvo respuesta del Usuario. 
Cerrado por el sistema",0
Del día de ayer 17/05/2023 no llegaron imágenes ni archivos CSV al davibox,Cerrado por solicitante,0
VINCULACION PREVENTAS FIDUCIARIA (ONE ID):no recibio el encargo para firma y no se ha generado la legalizacion,"No se obtuvo respuesta del Usuario. 
Cerrado por el sistema",1
"Documentos firmados sin legalizar

Buen día.

Amablemente me permito informar que contamos con 3 clientes, de los cuales se evidencia la documentación con l","Buen dia Camila.
Se realizan las validaciones y hubo un error en callback no que no permitió que los documentos viajen a la herramienta davibox.
Estos se verán reflejados para el dia de mañana.",0
"Buenas tardes: 

Tenemos el caso de un encargo de Bolivar Cali 0602000139925814 el cual segun nos reporta esta pendiente  PENDIENTE FIRMAR NIC  POR CLIENTE Y ","Cordial saludo.
Se realiza aumento de plazo para firmar documentos y así mismo se reenvía notificación al cliente.
Lo escalado anteriormente no es una falla tecnológica se cerrara el caso como no corresponde a un incidente.",1
VINCULACION PREVENTAS FIDUCIARIA (ONE ID)  no se encuentra legalizado pero ya se finalizo,"Cordial Saludo.

Se realiza ajuste del documento de encargo, los documentos firmados se verán reflejados el día de mañana 26 de mayo de 2023 en la herramienta davibox.",0
"24mayo2023 falla en ONE ID , cc 35537921 confirmamos que para el documento de cédula 32691629 de GRICELIDES MATILDE CAJAR SALCEDO, en la herramienta de davibox ","Cordial Saludo.

Se realiza el ajuste del documento encargo para el cliente mencionado, este documento se vera reflejado el dia de mañana 26 de mayo en la herramienta davibox.",0
VINCULACION PREVENTAS FIDUCIARIA (ONE ID): con la corrección del correo  y el envió a firmas de nuevo al correo correcto,"Cordial Saludo.

Se corrigió el correo y se reenvió la solicitud de firmas al correo mencionado: Maripausr@hotmail.com, la cual al momento ya ha sido tramitada, por ende se da por resuelto el caso.",1
"Buen día Estimados

Reciban un cordial saludo

De manera atenta me permito solicitar su colaboracion derivado que el siguiente usuario de Constructora Colsu","No se obtuvo respuesta del Usuario. 
Cerrado por el sistema",2
Se solicita verificar puesto al momento de generar la vinculacion de un cliente en sala de ventas aparece error id no coincide sin embargo los datos son iguales,"No se obtuvo respuesta del Usuario. 
Cerrado por el sistema",2
"Buenos dias:
Tenemos un caso, en el cual hace 2 días los clientes  firmaron NIC y Encargo pero no le llega al asesor el numero del encargo es 0602000140290232,","Cordial saludo.

Muy buena tarde se corrigió el correo a:  ibsdireccionmp@hotmail.com y se reenvió tanto el NIC como el encargo. se verifico el envio y se da por resuelto el caso.

Darwin Vargas
Davinci Tech",1
VINCULACION PREVENTAS FIDUCIARIA (ONE ID) - Informe de One ID apareciendo como enviado a firmas y la documentación no llega a Davibox,"Buena tarde

Algunos procesos aun no han terminado el proceso de firmas:

0602000139999330 y 0602000139999033 son del mismo cliente esta vinculado de manera duplicada y se trabajara con el 0602000139998936 ya que esta mas adelantado, pendiente por firmar encargo por favor validar con el asesor gisell.gonzalez@constructorabolivar.com se reenvía correo de recordatorio
0602000140106388 pendiente por firmar nic todas las partes se envia correo de recordatorio.",0
"RE ENVIAR EL CONTRATO DE ENCARGO FIDUCIARIO AL CLIENTE Y ASESOR PUES ESTE NO FUE RECIBIDO PARA FIRMAS

Nombre comprador: ROYER MAURICIO PEREZ PATIÑO

Cedula","Cordial saludo.

Muy buenas tardes se reenvió el encargo al correo: rp3302341@gmail.com y tambien a Laura.Oliveros@constructoracolpatria.com, con la finalidad de que se continúe con el respectivo proceso de firmas. Se queda pendiente ante cualquier solicitud adicional.

",1
VINCULACION PREVENTAS FIDUCIARIA (ONE ID): Buen dia su ayuda corrigiendo el correo del encargo 0602000139999835 del cliente 1102878069,"Cordial saludo.

Muy buen dia se corrige la direccion del correo electrónico por: antonio.lopez970228@gmail.com y se realiza el reenvió tanto del NIC como del encargo. Se queda pendiente ante cualquier solicitud adicional.",1
"Agradezco tu colaboración para validar el siguiente caso dado que en el reporte de ONE ID registra Estado del proceso: Datos básicos, sin embargo, este proceso ","No se obtuvo respuesta del Usuario. 
Cerrado por el sistema",0
"Agradezco tu colaboración con el siguiente caso ya que todas las partes firmaron pero en estado del proceso registra ""Enviado a firmas"". se adjunta reporte","Cordial saludo.

Se validó la información y se encontró que el cliente : Andrea Tatiana Duarte Guerrero con C.C. 1098699836 firmó el encargo pero no ha firmado el NIC,  es por eso que el proceso de firmas no se ha completado en su totalidad se invita a que el cliente firme el respectivo NIC para que el proceso pueda finalizar. Se queda pendiente ante cualquier solicitud adicional.",1
Agradezco tu colaboración para indicar si el encargo 0602000140317605 está legalizado dado que la asesora completó las firmas de ambos documentos y en el report,"Cordial saludo.

Se validó el encargo y se encontró que aún hace falta la firma de: Aura Ivonne Duarte Sanabria identificada con C.C. 1098826006 tanto en el encargo como en el NIC, por esta razón el proceso no se ha finalizado, se reenvía el NIC y Encargo a la persona mencionada con la finalidad de que continúe con el proceso y finalización de firmas. ",0
"Buenos días, 

Agradezco reenviar los formularios para firma al asesor de sala, me permito compartir los datos del cliente que se va a vincular:

Tipo de do","Buena tarde.
Se realiza reenvio de encargo ya que es el único documento pendiente por firmar.
Esto no es una falla tecnológica se cierra caso como no correspondiente a un incidente",1
"Buenas tardes 
la sra ANDREA MELISSA RANGEL POTES con cedula 1081763613 fue vinculada por oneid y  no le han llegado los documentos para firma el proceso de vi","Cordial saludo.

Muy buen día se realizaron los correspondientes envíos tanto del NIC como del encargo para que se pueda continuar con el proceso de firmas, quedamos pendientes ante cualquier solicitud adicional.",1
"Agradezco tu colaboración para enviar el correo de firma del Encargo para completar el proceso dado que manifiesta que no le llegó. 

# ENCARGO: 0602000140158","Cordial saludo.

Muy buen dia se hace el respectivo reenvió tanto del NIC como del encargo fiduciario al correo:  suribe@marval.com.co. Se queda pendiente ante cualquier solicitud adicional.",1
VINCULACION PREVENTAS FIDUCIARIA (ONE ID): no se recibieron vinculaciones del canal ONE ID,"Cordial saludo.

Muy buen día , ocurrió una eventualidad con el correo desde donde se reenvían los encargos fiduciarios, pero ya se encuentra en completo funcionamiento y estamos atentos a cualquier inquietud adicional.",1
"VINCULACION PREVENTAS FIDUCIARIA (ONE ID): no está llegando a sus bandejas, ","Cordial saludo.

Se hizo el reenvío correspondiente tanto del NIC como del encargo a cada uno de los clientes mencionados. se queda atento a cualquier solicitud adicional.

Darwin Vargas
Davinci Tech.",2
VINCULACION PREVENTAS FIDUCIARIA (ONE ID) correo del Encargo 0602000140105117 no llegó al asesor,"Cordial saludo.


Se reenvió el encargo fiduciario al asesor identificado con correo: yennycpr@hotmail.com , se queda pendiente ante cualquier solicitud adicional.",1
"Buen día Estimados

Reciban un cordial saludo

Atentamente me permito solicitar su colaboracion modificando en ONEID Preventas el nombre del Proyecto Corali","Cordial saludo.

Muy buen dia se realizo la respectiva modificación en base de datos del nombre del proyecto de:  Coralina Beach a Coralina Suites, se queda pendiente a cualquier solicitud adicional.

Darwin Vargas
Davinci Tech",2
VINCULACION PREVENTAS FIDUCIARIA (ONE ID) - Solicito tu ayuda debido a que del cliene 1019128032 no llegan los documentos para firma,"Cordial saludo.

Se hizo el reenvío correspondiente tanto del NIC como del encargo para firmas al cliente identificado con C.C. 1019128032 . se queda atento a cualquier solicitud adicional.

Darwin Vargas
Davinci Tech.",1
VINCULACION PREVENTAS FIDUCIARIA (ONE ID): no recibir los documento,"Buen dia.
Ocurrió una caída con el correo encargado de enviar la documentación a firmar, esta caída ya fue solventada y se realiza la siguiente gestión.
Para el caso 1 se reenvia nic y encargo al asesor y fiduciaria
para el caso 2 se reenvían documentos para el cliente",1
05/06/2023Buen dia solicito su ayuda con el caso,"Cordial saludo.

Se hizo el reenvío correspondiente tanto del NIC como del encargo para firmas al cliente identificado con C.C. 53071253. se queda atento a cualquier solicitud adicional.

Darwin Vargas
Davinci Tech.",1
VINCULACION PREVENTAS FIDUCIARIA (ONE ID),"Cordial saludo.
Luego de la revisión del incidente en conjunto con el usuario afectado, se realiza la explicación del problema y el paso a seguir ya que lo escalado no es una falla de la plataforma.",2
VINCULACION PREVENTAS FIDUCIARIA (ONE ID),"Cordial saludo.


Muy buen dia se procedio con lo solicitado y se reenvió los NICs respectivos al correo:valentina.bohorquez@constructorabolivar.com. Se queda atento ante cualquier solicitud adicional.
",1
"Buen día Estimados

Reciban un cordial saludo

Atentamente me permito informar que Constructora Colsubsidio nos reporta que el correo : elsaman@colsubsidio.","Buenas tardes Claudia Stefanny.
Muchas gracias por la respuesta, se procede a cerrar el incidente.",1
VINCULACION PREVENTAS FIDUCIARIA (ONE ID):no llegan los correos de firma a los clientes:,"Cordial saludo.

Muy buen dia. Se reenviaron los respectivos documentos para que sean firmados por parte de los clientes mencionados. Se queda atento a cualquier solicitud adicional.",1
06/06/2023Buen dia solicito tu ayuda reenviado a firmas los documentos de los siguientes encargos debido a que se vencieron602000139897237602000139896700,"602000139897237 >> se reenvia encargo a firmar para el cliente
602000139896700 >> se reenvia nic a firmar para fiduciaria el cliente ya firmo
602000139896817 >> se reenvia encargo a firmar para el cliente
602000139897203 >> Proceso de firmas culminado los documentos estaran disponibles en davibox mañana 8 de junio
602000139897815 >> se reenvia nic a firmar para el cliente

No encontramos una falla tecnologia, por tal motivo el incidente se cerrara como no corresponde a un incidente.
",0
"No llegan documentos a Davibox

Agradecemos su amable colaboración con la validación de dos casos, en los cuales finalizó la firma de la documentación por los","Cordial saludo.

Muy buen dia. Se verificó la información y se encontró que el proceso de firmas estaba vencido para el documento NIC en ambos casos, se procedió a ampliar el plazo para firmas y reenviar los respectivos documentos para su diligenciamiento. Se queda muy atento a cualquier solicitud adicional.",0
VINCULACION PREVENTAS FIDUCIARIA (ONE ID),"No se obtuvo respuesta del Usuario. 
Cerrado por el sistema",2
"Buen día Estimados

Atentamente me permito solicitar su urgente colaboracion derivado que constructora Colsubsidio para el Proyecto Arboleda VIS nos reporta q","Cordial saludo.


Muy buena tarde. Se reenvió tanto el NIC como el encargo fiduciario a cada uno de los clientes mencionados para que puedan continuar con el proceso de firmas. se queda muy atento ante cualquier solicitud adicional.

Darwin Vargas
Davinci Tech",1
VINCULACION PREVENTAS FIDUCIARIA (ONE ID): la legalizacion del encargo,"Cordial saludo.


Muy buen dia se procedió a legalizar el encargo y se subieron los respectivos documentos al davibox para que dispongan de ellos el dia de mañana 10 de Junio. Se queda muy atento a cualquier solicitud adicional.",0
"Buenos días,

Solicito por favor su ayuda con el reenvio de la documentación pendiente, muchas gracias.

alexandradiazp@yahoo.com	ALEXANDRA 	DIAZ	PENA	CC	65","Cordial saludo.


Muy buen dia, se reenvió la respectiva documentación pendiente para que se pueda continuar con el diligenciamiento de las firmas. Se queda pendiente a cualquier solicitud adicional.",1
"Buenas tardes,  me permito remitir el caso reportado por la constructora

Por favor nos ayudas con el caso de las señoras Angie Paola Bernal Vergel c.c 109167","Buena tarde Paula Vanessa.

Hemos realizado el análisis inicial, encontrando que para la cedula 1091675278 para el día 08/06/2023 a las 16:07 se realizo una nueva consulta con resultado aprobado sobre la misma. Con respecto a la cedula 1091672974 encontramos que las preguntas de verificación se están generando, pero no han sido contestadas de forma correcta razón por la cual no se aprueba el proceso.
Solicitamos intentar nuevamente realizar el proceso, si persiste el problema por favor hacérnoslo saber.",2
VINCULACION PREVENTAS FIDUCIARIA (ONE ID) - ,"No se obtuvo respuesta del Usuario. 
Cerrado por el sistema",2
VINCULACION PREVENTAS FIDUCIARIA (ONE ID): certificados de firmas ,"Cordial saludo.

Lo escalado anteriormente no es una falla tipo tecnológica, creemos que lo escalado es una gestión administrativa.",1
VINCULACION PREVENTAS FIDUCIARIA (ONE ID):generando el certificado de firmas del encargo 0602000139897211,"Cordial saludo.

Buen dia, se observa que el encargo aun no esta firmado por el cliente ni por la fiduciaria, se realiza el reenvió del mismo para poder continuar con el proceso de firmas, y s queda muy pendiente ante cualquier solicitud adicional.",1
"Buenos días, 

Agradezco su ayuda con el usuario administrador para VIVIANA MARCELA RAMIREZ BEDOYA vivianam.ramirez@constructoracolpatria.com pues no ha podid","Cordial saludo.
Se realiza ajuste para cambio de contraseña, se confirma para el usuario afectado el ingreso a la herramienta.",1
"Buen dia Estimados.

Reciban un cordial saludo, atentamente me permito solicitar su amable y urgente frente al incidente presentado en el Proyecto Los Pinos d","Cordial saludo.

Buen dia, se procedio con lo solicitado y se reenviaron los respectivos NICs a los clientes que lo requerían y se cargaron nuevamente  los documentos respectivos al davibox para que dispongan de ellos el dia de mañana 15 de Junio. Se queda pendiente a cualquier solicitud adicional.",0
VINCULACION PREVENTAS FIDUCIARIA (ONE ID): finalizar el proceso de legaalizacion del cliente 1007292171 derivado de que se vencieron las firmas ,"Cordial saludo.

Buen dia, Se procedió con lo solicitado y se reenvió el NIC correspondiente para que el cliente pueda continuar con el proceso de firmas. Se queda pendiente ante cualquier solicitud adicional.",1
"Buen dia Estimados

Reciban un cordial saludo

Atentamente me  permito solicitar su colaboracion derivado que Constructora Rodriguez Briñez nos reporta que ","No se obtuvo respuesta del Usuario. 
Cerrado por el sistema",2
VINCULACION PREVENTAS FIDUCIARIA (ONE ID): solicitar sea reactivado documento Nic Persona Natural con referencia número 2DJ71683736812235R222 ,"Cordial saludo.


Buen dia, se procedió con la respectiva ampliación de firmas y reenvió del NIC para el cliente mencionado. Se queda pendiente a cualquier solicitud adicional.",1
VINCULACION PREVENTAS FIDUCIARIA (ONE ID): envio a firmas nuevamente de los encargos 602000139897211 602000139965810 ,"Cordial saludo.


Buen dia, se procedió con el respectivo envio de firmas para los encargos mencionados. Se queda pendiente a cualquier solicitud adicional.",1
"VINCULACION PREVENTAS FIDUCIARIA (ONE ID): correccion del correo del cliente en relacion, derivado de que se diligencio mal en el momento de la vinculacion","Cordial saludo.


Buen dia, se procedió con el respectivo envio de firmas al correo correcto: Danigd0611@gmail.com para que se pueda continuar con el proceso. Se queda pendiente a cualquier solicitud adicional.",1
VINCULACION PREVENTAS FIDUCIARIA (ONE ID): correccion del correo del segundo titular del encargo 0602000140131436,"Cordial saludo.


Buen dia, se procedió con el respectivo envio de firmas al correo correcto: yeisonstibumon19@gmail.com para que se pueda continuar con el proceso. Se queda pendiente a cualquier solicitud adicional.",1
SE SOLICITA EL ENVIO DEL NIC Y CONTRATO DE ENCARGO FIDUCIARIA PARA FIRMAS AL CLIENTE Y ASESOR RELACIONADOS A CONTINUACIÓN  PUES  A LA FECHA NO HA SIDO RECIBIDO ,"Buen dia.
Detectamos que el cliente aun no ha firmado documentación se le ha estado enviando documentos para forma, nuevamente se reenvia nic y encargo para firma.",1
"Buen día, desde sala de ventas de TIERRA GRATA BRUJA MAGICA  manifiesta que ha intentad realizar varios intentos de vinculacion con diferentes cliente y no reci","No se obtuvo respuesta del Usuario. 
Cerrado por el sistema",2
Buenas tardes informo que los informes e imágenes de las vinculaciones ,"No se obtuvo respuesta del Usuario. 
Cerrado por el sistema",2
Agradezco tu colaboración con el siguiente caso dado que la plataforma no valida la identidad del comprador a pesar de ingresar sus datos como en el documento o,"Cordial saludo.
Se identifico diferencia de datos en los archivos de validación de la base de datos, por lo cual fue actualizada de acuerdo con lo que se encuentra registrado y disponible en la base de datos de la fuente oficial.
Por favor intentar realizar nuevamente la vinculación.",2
VINCULACION PREVENTAS FIDUCIARIA (ONE ID) reactivando las firmas del encargo,"Cordial saludo.


Buen dia, se procedió con los solicitado y también se reenvió el NIC al cliente para que continúe con el proceso de firmas. Se queda pendiente a cualquier solicitud adicional.",1
"Buen día.

Agradezco tu colaboración para la legalización del encargo 0602000140320039 dado que todas las partes firmaron pero quedó pendiente el sello.

Co","No se obtuvo respuesta del Usuario. 
Cerrado por el sistema",0
VINCULACION PREVENTAS FIDUCIARIA (ONE ID) envio a firmas de los documentos del encargo 0602000140261373,"Cordial saludo.


Buen dia, se procedió con el respectivo reenvió de firmas  para el NIC  mencionado. Se queda pendiente a cualquier solicitud adicional.",1
"Buenas tardes:
Cusezar nos reporta 4 clientes distintos que no les llega DOCUMENTO PARA FIRMA, agradecemos su ayudacon los casos de la foto adjunta.
Quedamos ","Cordial saludo.


Buen dia, se procedió con el respectivo reenvió de firmas  para el NIC y encargos  mencionados. Por favor encarecidamente se pide que para próximas ocasiones se adjunte el archivo de los datos en formato texto, para un mejor diligenciamiento Se queda pendiente a cualquier solicitud adicional.",1
"Buenas tardes Estimados, 

Reciban un cordial saludo de Fiduciaria Davivienda S.A., solicitamos el reenvio de documentos para firma, dado que el cliente no lo","Cordial saludo.


Buen dia, para el primer caso se reenvían los respectivos documentos y para el segundo caso al momento de registrar los datos del cliente dentro la plataforma se tramitó mal el correo del cliente, por tal motivo no le llegaron los documentos para firmar, para resolver el problema se sugiere realizar una nueva vinculación con el cliente mencionado, ya que por el error en el correo no se generaron documentos.",1
VINCULACION PREVENTAS FIDUCIARIA (ONE ID) envio a firmas del encargo 0602000140131048,"Cordial saludo.


Buen dia, se procedió con el respectivo reenvio de firmas para el encargo y NIC  mencionado. Se queda pendiente a cualquier solicitud adicional.",1
VINCULACION PREVENTAS FIDUCIARIA (ONE ID)  -   Agradezco tu colaboración para enviar a firmas el Encargo de este caso dado que los clientes,"No se obtuvo respuesta del Usuario. 
Cerrado por el sistema",1
VINCULACION PREVENTAS FIDUCIARIA (ONE ID): legalizacion del encargo 0602000140131212,"Buenos dias. 
Notamos el tanto el nic como el encargo ya están firmados por todas las partes, notamos una falla al momento de capturar los documentos en estado 2 que es el estado firmado por todas las partes, se solventa la falla actualizando el estado y cargando documentos para que el dia de mañana 30 de junio estos documentos están disponibles en la herramienta davibox.",0
"VINCULACION PREVENTAS FIDUCIARIA (ONE ID)  -  29/06/2023 Solicito su colaboracion reenviando a firmas el NIC del cliente, derivado de que no genero la firma","Cordial saludo.


Buen dia, se procedió con  la ampliación de firmas y reenvió del NIC  al correo: anyscobar@hotmail.com
. Se queda pendiente a cualquier solicitud adicional.

Causal del incidente: se reporta que el cliente no ha firmado el NIC, se observa que habia caducado el plazo para firmas y se hace el ajuste.",1
"A LA SRA RELACIONADA A CONTINUACION NO LE HA LLEGADO EL CONTRATO PARA FIRMA

 

Comprador 2: Andrea Moreno Palomino cc 65766913

                         ","Cordial saludo.


Buen dia, se procedió con el respetivo reenvió del encargo al correo: andreamorenopalomino2007@gmail.com
. Se queda pendiente a cualquier solicitud adicional.

Causal del incidente: se reporta que el cliente no ha recibido el encargo, sin embargo se evidencia que el correo si se envió, se procede con el reenvió del mismo.",1
"Buen día.

Solicito de su amable colaboración con la validación de la siguiente referencia de la cual en el reporte general aparece con NIC y Encargo firmado,","Cordial saludo.

Buen dia, se verificó y  se subió los respectivos documentos al davibox para que dispongan de ellos el dia de mañana 30 de junio . Se queda pendiente a cualquier solicitud adicional.

Causal del incidente: Se observar que los documentos sí viajaron al davibox pero pudo haber ocurrido una eventualidad con la herramienta.",0
"ONE ID NO PERMITE AVANZAR EN LA VINCULACIÓN, ","No se obtuvo respuesta del Usuario. 
Cerrado por el sistema",2
VINCULACION PREVENTAS FIDUCIARIA (ONE ID) usuarios de marval no les permite avanzar ,"No se obtuvo respuesta del Usuario. 
Cerrado por el sistema",2
"Buenos días

Agradezco reenviar NIC para firma de la cliente:

VANESSA 	SARA	PEREZ	CC	1143386926	Validación OTP	Aprobado	3136981760	0602000140053820","Cordial saludo.


Buen dia, se procedió con el respectivo  reenvió de firmas  para el NIC y encargo mencionado. Se queda pendiente a cualquier solicitud adicional.

Causal del incidente: se observa que si se hizo el envió de los documentos al correo asociado en las fechas estipuladas, se adjunta evidencia.",1
"Buenos días

Agradezco reenviar el contrato al asesor de sala para la respectiva firma:

CRISTHIAN SANTIAGO 	ACUNA	PINEDA	CC	1018465426	Validación OTP	Aprob","Cordial saludo.


Buen dia, se procedió con el respectivo  reenvió de firmas  para el asesor . Se queda pendiente a cualquier solicitud adicional.

Causal del incidente: se observa que si se hizo el envió de los documentos al correo del asesor, pero aun así se solicita su respectivo reenvió, el cual ya se realizo.",1
"Agradezco su colaboración enviando lso documentos, toda vez que la cliente manifiesta que no llegan. 
Nombre : Cindy Lorena Cardozo Tequita 
CC 1020750870
En","No se obtuvo respuesta del Usuario. 
Cerrado por el sistema",1
"Agradezco su colaboración con el envió de los contratos de encargo que se firmaron para los siguientes terceros, toda vez que manifiestan que solo ha llego el N","Cordial saludo.

Se reenvió la documentación y se procedió como se había mencionado en la respuesta inicial. ",1
VINCULACION PREVENTAS FIDUCIARIA (ONE ID) -  no llega el correo de firma para el segundo comprador del Encargo:,"Cordial saludo.


Buen dia, se observa que el documento encargo ya fue firmado por todos los participantes, el proceso de firmas se completó el dia de ayer 03 de julio en horas de la noche, por lo que ya deben de disponer de la respectiva documentación el día de hoy 4 de julio en el davibox. Se queda atento a cualquier solicitud adicional.

Causal del incidente: se menciona que el encargo aun no le ha llegado a los clientes mencionados, pero el proceso de firmas ya se completo.",0
VINCULACION PREVENTAS FIDUCIARIA (ONE ID)  reenviar el correo del Encargo para firma a la compradora,"No se obtuvo respuesta del Usuario. 
Cerrado por el sistema",1
"**URGENTE** Agradecemos su colaboración confirmando porque a los siguientes clientes UNICAMNETE esta llegando el NIC para firma, pero NO reciben el contrato de ","Cordial saludo.

Buen dia, se procedió de la siguiente manera:
1. para el primer caso  y segundo caso con CC 1033713831 se encontró que la vinculación está en etapa 3, por lo que ni siquiera se ha generado aún el proceso de firmas, por favor verificar tanto los datos del cliente y/o el número del encargo.

2. Para el segundo caso de la imagen adjunta se observa que el correo susydevia524@gmail.com ya firmo el encargo pero ahi un error con el otro correo ya que se diligencio como: guaraca.miryam0@gmail.com y este no existe, se hizo el reenvio al correo:guaracamiryam0@gmail.com que es el que aparece en la imagen.

3. En este caso se observa que todos los documentos ya se encuentran firmados por todos los participantes.

4.  ahi una inconsistencia con el correo ya que se diligencio como: sonerosoy26@hotmail.com
 y este no es que se menciona en la imagen, se hizo el reenvio al angiecarolinacenteno@gmail.com
 que es el que aparece en la imagen.


Causal del incidente: Se observa que hay un mal diligenciamiento en los correos para el proceso de firmas. También se recomienda encarecidamente que para próximas ocasiones NO se envie los adjuntos en formato imagen, si no como documento o texto para facilitar enormemente el diligenciamiento del incidente.",1
VINCULACION PREVENTAS FIDUCIARIA (ONE ID):colaboración con la legalización del  0602000140127129 ,"Cordial saludo.


Buen dia, se observa que el documento NIC para el comprador con cédula: 1045741894 no se ha firmado y se encontraba vencido se procedió con la respectiva ampliación y  reenvió de firmas  para el NIC  mencionado. Se queda pendiente a cualquier solicitud adicional.

Causal del incidente: el documento NIC para el comprador con cedula: 1045741894 se encontraba vencido.",0
VINCULACION PREVENTAS FIDUCIARIA (ONE ID)  -  06/07/2023Buen dia solicito tu colaboracion verificando el correo de vinculacion del encargo 0602000140261373,"Cordial saludo.


Buen dia, se observa que el documento NIC para el cliente mencionado si se ha estado enviando; se adjunta evidencia, se procede a hacer el reenvió al correo: lyons32@hotmail.com para que se pueda continuar con el proceso de firmas. Se queda pendiente a cualquier solicitud adicional.

Causal del incidente: se observa que el NIC si se ha estado enviando pero no se ha firmado.",1
VINCULACION PREVENTAS FIDUCIARIA (ONE ID)  -  06/07/2023Tu ayuda con la legalizacion del encargo 0602000139896817 derivado de que no esta legalizado,"Cordial saludo.


Buen dia, se observa que el documento NIC ya fue firmado por todos los participantes, se subieron los respectivos documentos al davibox por lo que ya deberán de disponer de ellos el día de mañana 07 de julio para la legalización de encargo. Se queda atento a cualquier solicitud adicional.

Causal del incidente: se observa que la documentación ya se encuentra firmada por todos los participantes y se subieron los respectivos documentos al davibox .",0
VINCULACION PREVENTAS FIDUCIARIA (ONE ID): legaliacion del encargo 0602000139972691 se finalizo todo el proceso de firmas ,"Cordial saludo.


Buen dia, se observa que el documento NIC para el primer comprador con CC 79723144 ya fue firmado por todos los participantes, se subieron los respectivos documentos al davibox por lo que ya deberán de disponer de ellos el día de mañana 07 de julio, para el segundo comprador con CC 52321162 se observa que el documento estaba vencido por lo que se realiza el respectivo aumento de plazo para firmas. Se queda atento a cualquier solicitud adicional.

Causal del incidente: se observa que la documentación ya se encuentra firmada por todos los participantes y se subieron los respectivos documentos al davibox y también que uno de los NICs estaba vencido por lo que se debió ampliar el plazo .",0
VINCULACION PREVENTAS FIDUCIARIA (ONE ID)  -  06/07/2023Solicto su ayuda corrigiendo el correo del cliente 20737820  en la vinculacion derivado de que quedo,"Cordial saludo.

Buen dia.  Se verifica el proceso de firmas y se ajusta el correo de el cliente a Olguin1124@gmail.com, también se envía notificación por correo electrónico a el cliente para firmar documentos.

Causal del incidente: el correo proporcionado por el cliente estaba mal diligenciado.",1
"Buen dia Estimados

Reciban un cordial saludo

Constructora Jimenez nos reporta que el cliente DAVID ANDRES HERRERA FORERO  con C.C. 1.014.230.909 solo reci","Cordial saludo.

Muy buen dia, se confirma que el cliente ya recibió la respectiva documentación, tanto NIC como encargo para sus firmas. Se queda atento a cualquier solicitud adicional.

Causal del incidente: se mencionó que el cliente no había recibido la documentación, se hizo la respectiva revisión y se observó que el cliente ya recibió tanto el NIC como el encargo",1
"VINCULACION PREVENTAS FIDUCIARIA (ONE ID): casos que a pesar de que todas las partes firmaron, aún no se actualiza el estado e ONE ID.","Cordial saludo.


Buen dia, se observa que los documentos  ya fueron firmados por todos los participantes, se subieron los respectivos documentos al davibox por lo que ya deberán de disponer de ellos el día de mañana 08 de julio para la legalización de documentos. Se queda atento a cualquier solicitud adicional.

Causal del incidente: se observa que la documentación ya se encuentra firmada por todos los participantes y se subieron los respectivos documentos al davibox .",0
VINCULACION PREVENTAS FIDUCIARIA (ONE ID),"Cordial saludo.


Buen dia, se observa que la documentación ya  ya fue firmada por todos los participantes, se subieron los respectivos documentos al davibox por lo que ya deberán de disponer de ellos el día de mañana 08 de julio para la legalización de encargo. Se queda atento a cualquier solicitud adicional.

Causal del incidente: se observa que la documentación ya se encuentra firmada por todos los participantes y se subieron los respectivos documentos al davibox, se encontró además que la documentación ya estaba en el bucket de la aplicación, por lo que pudo haber ocurrido una eventualidad con la herramienta de davibox al momento de hacer el envió de los documentos .",0
VINCULACION PREVENTAS FIDUCIARIA (ONE ID),"Cordial saludo.


Buen dia, se observa que el documento NIC para el comprador con cédula: 72003573 no se ha firmado y se encontraba vencido se procedió con la respectiva ampliación y  reenvió de firmas  para el NIC  mencionado. Se queda pendiente a cualquier solicitud adicional. Se adjunta evidencia.

Causal del incidente: el documento NIC para el comprador con cedula: 72003573  se encontraba vencido y no había sido firmado.",1
VINCULACION PREVENTAS FIDUCIARIA (ONE ID) -   no llegaron encargos a los clientes,"Cordial saludo.


Buen dia, se observa que el encargo para el primer cliente se encontraba vencido, al igual que el NIC para el segundo caso, se procedió con la respectiva ampliación y  reenvió de firmas  para el encargo y NIC  mencionados. Se queda pendiente a cualquier solicitud adicional.

Causal del incidente: el documento encargo y NIC se encontraban vencidos, se hizo la respectiva ampliación y  reenvió de la documentación .",1
VINCULACION PREVENTAS FIDUCIARIA (ONE ID) se firmo las dos veces por el primer comprador y quedo errado,"No se obtuvo respuesta del Usuario. 
Cerrado por el sistema",1
VINCULACION PREVENTAS FIDUCIARIA (ONE ID),"Cordial saludo.

Buen dia,el  caso con número de encargo: 0602000139897781 se verificó y se subió los respectivos documentos al davibox para que dispongan de ellos el dia de mañana 12 de julio y se pueda realizar la respectiva legalización. Se queda pendiente a cualquier solicitud adicional.

Causal del incidente: Se observa que los documentos estaban firmados pero la documentacion no se encontraba en el davibox.",0
VINCULACION PREVENTAS FIDUCIARIA (ONE ID),"No se obtuvo respuesta del Usuario. 
Cerrado por el sistema",2
VINCULACION PREVENTAS FIDUCIARIA (ONE ID),"Cordial saludo.


Buen dia, se observa que el documento NIC para el cliente mencionado si se ha estado enviando; se adjunta evidencia, se procede a hacer el reenvió al correo: cowboy777@hotmail.com
 para que se pueda continuar con el proceso de firmas. Se queda pendiente a cualquier solicitud adicional.

Causal del incidente: se observa que el NIC si se ha estado enviando pero no se ha firmado.",1
VINCULACION PREVENTAS FIDUCIARIA (ONE ID),"Cordial saludo.


Buen dia, se observa que el documento NIC para el comprador con cédula: 36176118 no se ha firmado y se encontraba vencido se procedió con la respectiva ampliación y  reenvió de firmas al correo: valentina.bohorquez@constructorabolivar.com, por otro lado el NIC con la cédula adjunta ya esta firmado por todos los integrantes al igual que el encargo  . Se queda pendiente a cualquier solicitud adicional.

Causal del incidente: el documento NIC para el comprador con cedula: 36176118 se encontraba vencido.",1
11/07/2023Buen dia solicito tu auyuda enviando el paquete de firmas al correo valentina.bohorquez@constructorabolivar.com con el fin de terminar las firmas de,"Cordial saludo.


Buen dia, se observa que el documento Encargo para el cliente mencionado si se ha estado enviando; se adjunta evidencia, se procede a hacer el reenvió al correo: valentina.bohorquez@constructorabolivar.com
 para que se pueda continuar con el proceso de firmas. Se queda pendiente a cualquier solicitud adicional.

Causal del incidente: se observa que el Encargo si se ha estado enviando pero no se ha firmado.",1
VINCULACION PREVENTAS FIDUCIARIA (ONE ID),"Cordial saludo.

Buen dia,el  caso con número de encargo: 0602000139935664 se verificó y se subió los respectivos documentos al davibox para que dispongan de ellos el dia de mañana 12 de julio y se pueda realizar la respectiva legalización. Se queda pendiente a cualquier solicitud adicional.

Causal del incidente: Se observa que los documentos estaban firmados pero la documentacion no se encontraba en el davibox.",0
VINCULACION PREVENTAS FIDUCIARIA (ONE ID),"Cordial saludo.


Buen dia, se observa que el documento NIC para el cliente mencionado no se ha firmado por ninguno de los involucrados.  se adjunta evidencia. se reenvió nuevamente en NIC al cliente para que se pueda continuar con el proceso de firmas. Se queda pendiente a cualquier solicitud adicional.

Causal del incidente: se observa que el NIC si se ha estado enviando pero no se ha firmado.",1
VINCULACION PREVENTAS FIDUCIARIA (ONE ID),"Cordial saludo.


Buen dia, se observa que aún faltan por firmar tan el NIC del cliente 1019039114, como el encargo ninguno de los dos documentos ha sido firmado por ninguno de los participantes. Se hace el reenvió de la documentación. Se queda pendiente a cualquier solicitud adicional.

Causal del incidente: se menciona que la documentación completa ha sido firmada, pero aun hace falta por firmar tanto el NIC de un cliente como el Encargo. Se adjunta evidencia de que si se ha estado enviando la documentación. ",1
"POR FAVOR ENVIAR EL CONTRATO DE ENCARGO PARA FIRMAS

AURA CRISTINA LIBREROS GIL
C.C 1112483770
CORREO crisyeidey@gmail.com
ENCARGO FIDUCIARIO 0602000140251","Cordial saludo.


Buen dia, se observa que el documento Encargo para el cliente mencionado si se ha estado enviando; se adjunta evidencia, se procede a hacer el reenvió al correo: crisyeidey@gmail.com para que se pueda continuar con el proceso de firmas. Se queda pendiente a cualquier solicitud adicional.

Causal del incidente: se observa que el Encargo si se ha estado enviando pero no se ha firmado.",1
VINCULACION PREVENTAS FIDUCIARIA (ONE ID),"Cordial saludo.

Buen dia, para el primer caso se encontró que la vinculación ya está finalizada en su totalidad y todos los participantes ya firmaron toda la documentación  y con respecto al caso con número de encargo: 0602000140033061 se verificó y se subió los respectivos documentos al davibox para que dispongan de ellos el dia de mañana 13 de julio y se pueda realizar la respectiva legalización. Se queda pendiente a cualquier solicitud adicional.

Causal del incidente: Se observa que los documentos nos viajaron al davibox y no se ha podido legalizar la vinculación.",0
"13/07/2023
Por favor corregir correo del encargo 0602000140348063 correo correcto  tibaquirajimy@gmail.com
Grupo de Asignación: Proveedor - Davinci V. Prevent","Cordial saludo.


Buen dia, se corrigió el correo del documento encargó a: tibaquirajimy@gmail.com, se reenvio la solicitud de firmas a ese correo. Se queda pendiente a cualquier solicitud adicional.

Causal del incidente: se solicitó la corrección de un correo para el documento encargo .",1
VINCULACION PREVENTAS FIDUCIARIA (ONE ID),"Cordial saludo.

Buen dia,el caso con número de encargo: 0602000140033061 se verificó y se encontró que todos los involucrados ya finalizaron el procesos de firmas y la documentación se subió a la herramienta davibox el dia 29 de junio, de igual manera se vuelve nuevamente a subir la documentación para que se disponga de ella el dia de mañana 18 de julio. Se queda pendiente a cualquier solicitud adicional.

Causal del incidente: Se observa que los documentos estaban firmados tanto NIC como Encargo ; se subió nuevamente la documentación a la herramienta davibox.",0
VINCULACION PREVENTAS FIDUCIARIA (ONE ID) legalizacion 0602000139897401 del encargo derivado,"Buenas tardes.
Notamos que efectivamente los documentos ya fueron firmados se realiza cargue y estos estarán disponibles en la herramienta davibox para el dia de mañana 17 de julio.",0
VINCULACION PREVENTAS FIDUCIARIA (ONE ID),"Buenas tardes.
Notamos que los documentos efectivamente ya están firmados, realizamos el cargue de estos y estarán disponibles en la herramienta davibox para el dia de mañana 18 de julio.",0
"17/07/2023
Buen dia solicito tu colaoracion con la legalizacion del encargo 0602000139970570 derivado que se finalizo el proceso de firmas y no encuentra legal","Cordial saludo.

Buen dia,el  caso con número de encargo: 0602000139970570 se verificó y se subió los respectivos documentos al davibox para que dispongan de ellos el dia de mañana 18 de julio y se pueda realizar la respectiva legalización. Se queda pendiente a cualquier solicitud adicional.

Causal del incidente: Se observa que los documentos estaban firmados pero la documentacion no se encontraba en el davibox.",0
"17/07/2023
Buen dia solicito tu ayuda con el envio a firmas nuevamente del nic del enecargo 0602000139971453
Grupo de Asignación: Proveedor - Davinci V. Preve","Cordial saludo.


Buen dia, se observa que el documento NIC para el comprador con cédula: 1026253334 no se ha firmado y se encontraba vencido se procedió con la respectiva ampliación y  reenvió de firmas  para el NIC  mencionado. Se queda pendiente a cualquier solicitud adicional.

Causal del incidente: el documento NIC para el comprador con cedula: 1026253334 se encontraba vencido.",1
"17/07/2023
Buen dia solicito tu colaboracion con la legalizacion del encargo 0602000139899753 derivado de que se finalizo el proceso de firmas pero no se encue","Cordial saludo.

Buen dia,el  caso con número de encargo: 0602000139899753 se verificó y se subió los respectivos documentos al davibox para que dispongan de ellos el dia de mañana 18 de julio y se pueda realizar la respectiva legalización. Se queda pendiente a cualquier solicitud adicional.

Causal del incidente: Se observa que los documentos estaban firmados pero la documentacion no se encontraba en el davibox.",0
"Agradezco su colaboración reeenviado el Formato NIC para firma del tercero, toda vez que se vencieron los tiempos y la cliente solo firmo el Encargo Fiduciario.","Cordial saludo.


Buen dia, se observa que el documento NIC para el comprador con cédula: 1019094387 no se ha firmado y se encontraba vencido se procedió con la respectiva ampliación y  reenvió de firmas  para el NIC  mencionado. Se queda pendiente a cualquier solicitud adicional.

Causal del incidente: el documento NIC para el comprador con cedula: 1019094387   se encontraba vencido.",1
VINCULACION PREVENTAS FIDUCIARIA (ONE ID),"Cordial saludo.

Buen dia,para los casos con numero: 0602000139910196, 0602000139972857 y 0602000139897443 se verificó y se subió los respectivos documentos al davibox para que dispongan de ellos el dia de mañana 18 de julio y se pueda realizar la respectiva legalización, para el último caso se reenvió el NIC nuevamente para firmas al correo:dianacarolinarojad@gmail.com
. Se queda pendiente a cualquier solicitud adicional.

Causal del incidente: Se observa que los documentos estaban firmados pero la documentacion no se encontraba en el davibox.",0
"17/07/2023
Buen dia solicito tu ayuda con el envio del paquete de vinculacion del encargo 0602000139897120derivado de que no se ha finalizado con el proceso de","Cordial saludo.

Buen dia,el  caso con número de encargo:  0602000139897120 se verificó y se subió los respectivos documentos al davibox para que dispongan de ellos el dia de mañana 18 de julio y se pueda realizar la respectiva legalización. Se queda pendiente a cualquier solicitud adicional.

Causal del incidente: Se observa que los documentos estaban firmados pero la documentacion no se encontraba en el davibox.",0
"Agradezco su colaboración reeenviado el Formato NIC para firma del tercero, toda vez que se vencieron los tiempos y la cliente solo firmo el Encargo Fiduciario.","Cordial saludo.


Buen dia, se observa que el documento NIC para el comprador con cédula: 1024498193 no se ha firmado y se encontraba vencido se procedió con la respectiva ampliación y  reenvió de firmas  para el NIC  mencionado. Se queda pendiente a cualquier solicitud adicional.

Causal del incidente: el documento NIC para el comprador con cedula: 1024498193   se encontraba vencido.",1
"17/07/2023
Buen dia solicito tu ayuda con el usuario laura.moreno@constructorabolivar.com derivado de que la asesora no le permite el ingreso
Grupo de Asignac","No se obtuvo respuesta del Usuario. 
Cerrado por el sistema",2
"19/07/2023
0602000139897211
Solicitamos por favor enviar nuevamente sobre para subsanar firmas del NIC y Encargo fiduciario a 
nancy.pardo@constructoraboliva","Cordial saludo.


Muy buen día, se observa  que el caso  no corresponde a un incidente, se verifica que el cliente ya firmo el NIC pero el encargo aun no ha sido firmado por el mismo, por lo que aún no se ha concluido con la respectiva legalización. Se queda atento a cualquier solicitud adicional.",0
"Buen dia Estimados

Reciban un cordial saludo

Atentamente me permito solicitar su urgente colaboración derivado que Constructora Coandes nos reporta que el","Cordial saludo.


Buen dia, se observa que el documento Encargo para el cliente mencionado si se ha estado enviando; se adjunta evidencia, se procede a hacer el reenvió al correo: blanca.bejarano@fepoli.com para que se pueda continuar con el proceso de firmas. Se queda pendiente a cualquier solicitud adicional.

Causal del incidente: se observa que el Encargo si se ha estado enviando pero no se ha firmado.",1
"21/07/2023
1055918089 - 0602000140378664
Problema pago (el cliente no puede pagar con su cédula), no puedo adjuntar el paquete completo por el peso pero ya ll","No se obtuvo respuesta del Usuario. 
Cerrado por el sistema",2
"21/07/2023
1010007820 - 602000139996773 
El cliente realizo la firmar y enviaron los certificados de firma. Sin embargo aparece como no legalizado 
Grupo de ","Cordial saludo.

Buen dia,el  caso con número de encargo: 0602000139996773 se verificó y se subió los respectivos documentos al davibox para que dispongan de ellos el dia de mañana 22 de julio y se pueda realizar la respectiva legalización. Se queda pendiente a cualquier solicitud adicional.

Causal del incidente: Se observa que los documentos estaban firmados pero la documentacion no se encontraba en el davibox.",0
"21/07/2023
1047344766 - 0602000140126592
YA ESTAN LOS DOCUMENTOS FIRMADOS CON LA AUDITORIA PERO EL CLEINTE NO PUEDE PAGAR CON SU CEDULA 
Grupo de Asignación:","No se obtuvo respuesta del Usuario. 
Cerrado por el sistema",1
"ENVIAR NIC Y ENCARGO PARA FIRMA, PUES EL CLIENTE NO LO RECIBIO

 

Nombre comprador: JASSON ERNESTO BARRERA SOSA

Cedula: 1072195806

Celular: 350 465 1","Cordial saludo.


Buen dia, se observa que el documento NIC y encargo  para el cliente mencionado si se ha estado enviando; se adjunta evidencia, se procede a hacer el reenvió al correo: jassonernestobarrerasosa@gmail.com para que se pueda continuar con el proceso de firmas. Se queda pendiente a cualquier solicitud adicional.

Causal del incidente: se observa que el NIC  y encargo si se ha estado enviando pero no se ha firmado.",1
VINCULACION PREVENTAS FIDUCIARIA (ONE ID),"Cordial saludo.


Buen dia, se observa que el documento Encargo para el comprador con cédula: 66922813 no se ha firmado y se encontraba vencido se procedió con la respectiva ampliación y  reenvió de firmas  para el NIC  mencionado. Se queda pendiente a cualquier solicitud adicional.

Causal del incidente: el documento Encargo para el comprador con cedula: 66922813 se encontraba vencido.",1
"25/07/2023
0602000139972626 - 51906728
Al cliente no le llega correo con documentos a firmar (ONE ID): Se solicita se envie el el  nit al correo  luzmarleny55","Cordial saludo.


Buen dia, se observa que el documento NIC para el comprador con cédula: 51906728 no se ha firmado y no se encontraba el correo mencionado. se adjunta evidencia , se hace el reenvió al correo: luzmarleny55@yahoo.es . Se queda pendiente a cualquier solicitud adicional.

Causal del incidente: el documento NIC para el comprador con cedula: 51906728 no se ha firmado se ha estado realizando el envió a los correos asociados, pero se solicito cambiar el correo para firmas.",1
"25/07/2023
0602000139896965 - 51992950
NIC y Fiducia firmadas, pero aparece en el informe sin legalizar
Grupo de Asignación: Proveedor - Davinci V. Preventas","Cordial saludo.

Buen dia,el  caso con número de encargo: 0602000139896965 se verificó y se subió los respectivos documentos al davibox para que dispongan de ellos el dia de mañana 26 de julio y se pueda realizar la respectiva legalización. Se queda pendiente a cualquier solicitud adicional.

Causal del incidente: Se observa que los documentos estaban firmados pero la documentacion no se encontraba en el davibox.",0
"25/07/2023
0602000139897211 - 1023030732
Solicitamos por favor enviar nuevamente sobre del Encargo para poder legalizar la fiducia
Grupo de Asignación: Prove","Cordial saludo.


Buen dia, se observa que el documento Encargo para el cliente mencionado si se ha estado enviando; se adjunta evidencia, se procede a hacer el reenvió al correo: mguadalupesst@gmail.com para que se pueda continuar con el proceso de firmas. Se queda pendiente a cualquier solicitud adicional.

Causal del incidente: se observa que el Encargo si se ha estado enviando pero no se ha firmado.",0
"25/07/2023
0602000139897807 - 1022380098
NIC y Fiducia firmadas, pero aparece en el informe sin legalizar
Grupo de Asignación: Proveedor - Davinci V. Prevent","Cordial saludo.

Buen dia,el  caso con número de encargo: 0602000139897807 se verificó y se subió los respectivos documentos al davibox para que dispongan de ellos el dia de mañana 26  de julio y se pueda realizar la respectiva legalización. Se queda pendiente a cualquier solicitud adicional.

Causal del incidente: Se observa que los documentos estaban firmados pero la documentacion no se encontraba en el davibox.",0
"25/07/2023
CC 14679525 - JOSE WILMAR OROZCO PALTA
APLICATIVO AL MOMENTO DE TRAMITAR VINCULACION ARROJA ERROR, NO COINCIDEN LOS DATOS 
Grupo de Asignación: Pr","No se obtuvo respuesta del Usuario. 
Cerrado por el sistema",2
"25/07/2023
1007292171
SE SOLCIITA REACTIVACION DE FIRMAS DEL NIC POR VENCIMIENTO
Grupo de Asignación: Proveedor - Davinci V. Preventas Fiduciaria (One ID), A","Cordial saludo.


Buen dia, se observa que el documento NIC para el comprador con cédula: 1007292171 no se ha firmado y se encontraba vencido se procedió con la respectiva ampliación y  reenvió de firmas  para el NIC  mencionado. Se queda pendiente a cualquier solicitud adicional.

Causal del incidente: el documento NIC para el comprador con cedula: 1007292171 se encontraba vencido.",1
"25/07/2023
79832808 - 0602000139935243
El encargo tiene 2 titulares, los 2 titulares han firmado los 3 documentos, NIC, encargo y W9, lo unico que faltaba era","Cordial saludo.

Buen dia,el  caso con número de encargo: 0602000139935243 se verificó y se subió los respectivos documentos al davibox para que dispongan de ellos el dia de mañana 26 de julio y se pueda realizar la respectiva legalización. Se queda pendiente a cualquier solicitud adicional.

Causal del incidente: Se observa que los documentos estaban firmados pero la documentacion no se encontraba en el davibox.",0
"26/07/2023
1045741894 - 0602000140126311 
Buenas tardes, solicito amablemente  apoyo con el encargo fiduciario aperturado por One Id no les ha llegado correo ","Buenos dias.
Desde el lado de la herramienta se han estado reenviando el documento encargo para firmar. Realizamos reenvio nuevamente por favor validar, por ahora el incidente se da como resuelto, en caso de alguna novedad por favor reabrir nuevamente.",0
"Buen día,  de las vinculaciones del dia 25/07/2023, en relacion al  cliente CC 79832808 JORGE EMERSON	JIMENEZ	RIOS se evidencia que el formulario w9 no correspo","Buenos dias.
Luego de la sesión de entendimiento del problema,  realizamos las validaciones y detectamos que el cliente se vinculo de manera duplicada y esto pudo haber causado el cruce entre documentos, realizamos el ajuste y cargamos el documento del W9 del cliente mencionado y para que dispongan de el a partir del dia de mañana 29 de Julio, en caso de alguna novedad por favor reabrir nuevamente el incidente, por ahora se da como resuelto.",0
"26/07/2023
cc 1010077103 - ROMERO FERNANDEZ YARIS PAOLA
El asesor de ventas no puede crear su usuario para ingresar a ONE ID, no llega el correo con codigo de","No se obtuvo respuesta del Usuario. 
Cerrado por el sistema",1
"26/07/2023
52998298 - 0602000140388515
Corregir datos del cliente (correo, nombres, celular, etc), CLIENTE DEL EXTERIOR EL CUAL SE RADICO MAL NUMERO DE SOCIAL","Cordial saludo


Buenas tardes, lo escalado no corresponde a una falla tipo tecnológica de la plataforma, si no mas bien es una gestión administrativa que nosotros como área de soporte no podemos gestionar. se recomienda volver a realizar la vinculación con los datos correctos",1
"Buen dia Estimados

Reciban un cordial saludo

Atentamente me permito solicitar su colaboracion derivado que Colsubsidio nos reporta para el Proyecto La Arb","Cordial saludo.


Buen dia, se observa que el documento NIC y Encargo  para el comprador con cédula: 1033714196 no se ha firmado y se encontraba vencido se procedió con la respectiva ampliación y  reenvió de firmas  para el NIC  mencionado. Se queda pendiente a cualquier solicitud adicional.

Causal del incidente: el documento NIC y Encargo para el comprador con cedula: 1033714196 se encontraba vencido.",1
"Se solicita reenvio de NIC de los siguientes clientes,:

Encargo 0602000140289333 
DEISY JOHANNA RODRIGUEZSANCHEZ - 52979111
EFREN JOHANY LAITONSOTELO - 807","Cordial saludo.


Buen dia, se observa que el documento NIC para los compradores con cédula: 52979111 y 80793043  no se ha firmado y se encontraba vencido se procedió con la respectiva ampliación y  reenvió de firmas  para los NICs mencionados. Se queda pendiente a cualquier solicitud adicional.

Causal del incidente: el documento NIC para los compradores  con cedula: 52979111 y 80793043 se encontraba vencido.",1
VINCULACION PREVENTAS FIDUCIARIA (ONE ID),"Cordial saludo.

Buen dia, para el cliente con numero de cedula 1012452819	se verificó , se hizo el respectivo ajuste a la fecha de nacimiento del documento  y se subió el respectivo NIC para que dispongan de el el dia de mañana 29 de julio y se pueda realizar la respectiva legalización. Se queda pendiente a cualquier solicitud adicional.

Causal del incidente: Se observa que el documento NIC presentaba una inconsistencia en la fecha de nacimiento, se realizo el respectivo ajuste y se subió el documento al davibox.",0
"Buenos dias:
Bolivar cali esta vinculado a un cliente y en la primera hoja le dice que los datos no coinciden pero la información está ok 
Adjunto certificado","Cordial saludo.


Muy buen dia, nuestro proveedor ya realizo el ajuste y ya se puede realizar la vinculación nuevamente con los datos del cliente, si no es posible el dia de hoy por favor verificarlo nuevamente el dia de mañana, se queda atento a cualquier solicitud adicional.

Causal del incidente: no se permitía continuar con la vinculación con los datos del cliente.",0
"28/07/2023
602000139987301 - 1073164250
cordial saludo, por favor me colaboran validando este encargo fiduciario, el cual al segundo titular no le llegaron lo","Cordial saludo.


Buen dia, se observa que el documento NIC para el comprador con cédula: 1073164250 no se ha firmado y se encontraba vencido se procedió con la respectiva ampliación y  reenvió de firmas  para el NIC  mencionado al correo: nanomarentes@hotmail.com
. Se queda pendiente a cualquier solicitud adicional.

Causal del incidente: el documento NIC para el comprador con cedula: 1073164250  se encontraba vencido.",1
"VINCULACION PREVENTAS FIDUCIARIA (ONE ID) -  ""no se han podido enviar los documentos para firmas, por favor inténtelo nuevamente""","No se obtuvo respuesta del Usuario. 
Cerrado por el sistema",1
VINCULACION PREVENTAS FIDUCIARIA (ONE ID),"Cordial saludo.


Muy buen dia, se observa que el cliente aun no ha completado completamente el proceso de firmas, por lo que el correo aun no le llega al asesor, se reenvió nuevamente el correo de firmas a la dirección: mariapaula1403.mpab@gmail.com
para que por favor se complete el proceso de firma en su totalidad por parte del cliente. Se queda atento a cualquier solicitud adicional.


Causal del incidente: el cliente aun no ha completado en su totalidad el correo para firmas, por lo que al asesor aun no le va a llegar la solicitud de firmas.",1
"Buenas tardes

Agradezco su ayuda, se esta realizando el proceso de vinculación de la cliente cc 37936466 pero se queda cargando la herramienta en el proceso ","No se obtuvo respuesta del Usuario. 
Cerrado por el sistema",2
"POR FAVOR REMITIR ENCARGO Y NIC PUES EL CLIENTE INDICA QUE NO RECIBIÓ LOS DOCUMENTOS

Nombre comprador: YADIRA COSTANZA GIL VIRACACHA

Cedula: 1.012.330.100","Cordial saludo.

Hola muy buenas tardes para este caso se acaba de hacer nuevamente el envio a firmas al correo del cliente:yacogiva1@gmail.com
se hizo el envió tanto del NIC como del Encargo para que el cliente pueda realizar el respectivo tramite de firmas.


Causal del incidente: se menciona que el cliente no ha recibido la documentación , se procede a realizar nuevamente el envió para firmas.
",1
"Buen dia estimados,

Solicito su amable colaboracion derivado que la asesora angela libreros usuario: alibreros@coandes.com, no ha podido ingresar a oneid pre","No se obtuvo respuesta del Usuario. 
Cerrado por el sistema",2
"31/07/2023
0602000140332919 - 79616588
Se enviaron los documentos errados, solicitamos habilitar plataforma para un nuevo cargue de la documentacion 
Grupo d","Cordial saludo.


Buena noche, este incidente no corresponde a un error de la plataforma, se recomienda realizar nuevamente la vinculación desde el comienzo, debido a que ya se firmaron todos los documentos por completo y este proceso es irreversible. Se queda atento a cualquier inquietud adicional.",1
"Buenas tardes

Me permito remitir la observación de la constructora

*Se nos ha presentado una novedad en una vinculación del proyecto Puerto Sereno. La vin","Cordial saludo.


Muy buen día se observa que si se le ha estado enviando el documento NIC y Encargo  al cliente, pero este aun no había firmado, se adjunta evidencia, al momento de realizar el reenvió nuevamente, la documentación se firma en el instante y queda completado el proceso de firmas en su totalidad.

Causal del incidente: se menciona que el documento NIC y Encargo si se había enviado pero no había sido firmado por el cliente.",1
"Buen dia Estimados

Constructora colsubsidio nos reporta que el usuario ?arboleda@colsubsidio.com  no ha podido ingresar desde el dia lunes a la plataforma ON","No se obtuvo respuesta del Usuario. 
Cerrado por el sistema",2
VINCULACION PREVENTAS FIDUCIARIA (ONE ID),"No se obtuvo respuesta del Usuario. 
Cerrado por el sistema",2
"En el aplicativo Davibox vinculaciones ONE ID del dia 02/08/2023, la vinculacion del cliente CC 1098645372	ZORAIMA CAROLINA	ALVEAR	RAMOS, el encargo fiduciario ","Cordial saludo.


Muy buen  dia se subió nuevamente el encargo del cliente 1098645372	con el nombre de: exp-davibox-prod/actives/Encargo_1098645372_01082023_1690929859_CORREGIDO.pdf. Para que dispongan de el el dia de mañana 5 de agosto en la herramienta davibox.Se queda atento a cualquier solicitud adicional.

Causal del incidente: Se menciona que se recibió el documento encargo incompleto, se subió nuevamente a la herramienta davibox.",0
"buenos dias

nos ereportaron un cliente de bolivar cali donde informan que los datos no coinciden y no permite pasar la vinculacion, ayer agotaron los 3 inten","Buenos dias.
No recibimos respuesta por parte del solicitante, por otro lado se realiza la verificación de los intentos realizados de validación de la cedula informada, encontrando que se esta realizando el ingreso errado de la información de fecha de expedición de la cedula, razón por la cual se entrega el mensaje de No coinciden datos.",2
"ENVIAR ENCARGO DEL CLIENTE RELACIONADO AL ASESOR Yecid Camilo Chamorro Riascos <YesidC.Chamorro@constructoracolpatria.com>


WENDY TATIANA MUÑOZ TORRES
C.C ","Cordial saludo.


Buen dia, se observa que el documento Encargo para el cliente mencionado si se ha estado enviando; se adjunta evidencia, se procede a hacer el reenvió al correo: tatianamt01@gmail.com
para que se pueda continuar con el proceso de firmas. Se queda pendiente a cualquier solicitud adicional.

Causal del incidente: se observa que el Encargo si se ha estado enviando pero no se ha firmado.",1
VINCULACION PREVENTAS FIDUCIARIA (ONE ID) reenvio de documentos para firma del encargo,"Cordial saludo.


Muy buen dia se cierra el caso por solicitud del asignante.",1
"Buenas noches Constructora Marval y Diseño Urbano Reportan error ""Sistema de listas no disponible"" agradecemos urgente su colaboración dado que se encuentran re","No se obtuvo respuesta del Usuario. 
Cerrado por el sistema",2
VINCULACION PREVENTAS FIDUCIARIA (ONE ID),"Cordial saludo.


Buen dia, se observa que el documento NIC para el cliente mencionado si se ha estado enviando; se adjunta evidencia, se procede a hacer el reenvió al correo: alejandrasosa0190@hotmail.com
para que se pueda continuar con el proceso de firmas. Se queda pendiente a cualquier solicitud adicional.

Causal del incidente: se observa que el NIC si se ha estado enviando pero no se ha firmado.",1
"10/08/2023
1073610296
Se intenta Abrir encargo Fiduciario de Proyecto Bonavento  y no permite Avanzar  de la interfaz (arroja error en: Sistemas de listas no ","No se obtuvo respuesta del Usuario. 
Cerrado por el sistema",2
"Buenas tardes

Agradezco su colaboración  dado que a la bandeja de DAVIBOX no ingresó los documentos de firma del cliente

cc 1045744403 y  1143156246
0602","Buenas tardes.
El documento aun no esta en davibox ya que el proceso de firmas aun no esta culminado, pendiente por firmar fiduciaria.
Se reenvia correo de recordatorio.",0
Solicitamospor favor validar el cargue de los documentos dado que se evidencia que las vinculacion 0602000140303191 del los clientes CC 1126827369 y CC 22580347,"Cordial saludo.



Muy buen dia, por nuestra parte encontramos que en nuestro servidor de archivos, la documentación mencionada solo se encuentra cargada una vez que fue el dia 11 de agosto en horas de la mañana. Se adjunta evidencia. Se queda atento a cualquier solicitud adicional.

Causal del incidente: Se menciona que la documentación expuesta en el incidente se cargo dos veces al davibox, pero por nuestra parte se evidencia que los documentos solo se subieron una vez.",0
"Buen día Paula.

Agradezco tu colaboración con el siguiente error al momento de registrar el nuevo usuario:
""error al  cargar usuario""

PVPARRA: Intente cr","No se obtuvo respuesta del Usuario. 
Cerrado por el sistema",2
"15/08/2023
1007646056
el cliente se encuentra ubicado en Orlando, él se trasladó a Estados unidos desde que tenía 17 años por ende su cédula de ciudadania col","Buenos dias.

Diagnóstico:
La información fue actualizada de acuerdo con lo que se encuentra registrado y disponible en la base de datos de la fuente oficial.

Causa raíz del evento:
Actualización Información

Por favor intentar nuevamente el proceso, en caso de novedad reabrir nuevamente el incidente",2
"Agradecemos su colaboración con la siguiente validación, el asesor de la constructora RESERVA DE LAS MERCEDES nos notifica que cuando ingresa a traves de One Id","No se obtuvo respuesta del Usuario. 
Cerrado por el sistema",2
"Buen dia Estimados

Atentamente me permito solicitar su colaboracion con el incidente que presenta la asesora ANGY XILENA RIVAS HERRERA identificada con C.C. ","Cordial saludo.


Muy buen dia, observó que se está ingresando al ambiente de laboratorio y no al de producción, por lo que le asesor no tiene creado un usuario en ese ambiente, por favor ingresar desde el siguiente enlace: https://vinculacionfidudavivienda.davivienda.com/#/pages/login?redirect=%2Fforms%2Fnumber_buyers



Causal del incidente: se observa que el usuario esta intentando realizar el inicio de sesión desde el ambiente de laboratorio.",2
"Buenas tardes:
Tenemos un caso que ya había sido reportado donde la Fiduciaria no ha recibido el encargo para firma, le llegó el NIC y no el encargo y ya fue f","Cordial saludo.


Buena noche, se observa que el documento Encargo para el cliente mencionado si se ha estado enviando; se adjunta evidencia, se procede a hacer el reenvió al correo: vinculacionespreventa@davivienda.com  para que se pueda continuar con el proceso de firmas. Se queda pendiente a cualquier solicitud adicional.

Causal del incidente: se observa que el documento Encargo si se ha estado enviando pero no se ha firmado.",1
"Agradezco reenviar docuemntos de vinculación del cleinte, toda vez que hace 20min enviaron los documentos para firma y solo recibieron el NIC que ya se encuentr","Cordial saludo.


Buen dia, se observa que el documento Encargo para el cliente mencionado si se ha estado enviando; se adjunta evidencia, se procede a hacer el reenvió al correo: esteban147@live.com
 para que se pueda continuar con el proceso de firmas. Se queda pendiente a cualquier solicitud adicional.

Causal del incidente: se observa que el documento Encargo si se ha estado enviando pero no se ha firmado.",1
VINCULACION PREVENTAS FIDUCIARIA (ONE ID)  No llegan a diario los correos de notificación para firma de la documentación,"Cordial saludo



Muy buen día , se observa que en las vinculaciones de prueba el correo de firmas para cada documento se abrió por parte de los clientes , nuestro proveedor de firmas una vez detecta que el mensaje fue leído por parte del cliente asume que este va a firmar y por esta razón no envía el correo de recordatorio. Se queda atento a cualquier solicitud adicional


Causal del incidente: el usuario una vez abre el correo y la solicitud de firma el proveedor de firmas asume que este va a firmar y por esta razón no se envía el correo de recordatorio.",1
"Agradezco su colaboración con el reenvió del formato de NIC y Contrato de Encargo Fiduciario del siguiente tercero, toda vez que manifiesta que el mismo no lleg","Cordial saludo.


Muy buen día, se observa que la vinculación asociada al ciente mencionado no se ha enviado a firmas, es por esta razón que los documentos no le han llegado al cliente aun , se realizo el reenvio a firmas al cliente con correo: yud48@hotmail.com. Se queda atento a cualquier solicitud adicional.


Causal del incidente: se observa que el proceso de la vinculación para el cliente mencionado se encontraba en etapa 3, es decir no se había enviado los datos del cliente para firmas, por esta razón no se habían generado los respectivos documentos.",1
"23/08/2023
Consuelo Arcila León CC 1015403329 
el asesor consuelo Arcila ha tratado de ingresar a su usuario one id para la creación y legalización de encargo","Cordial saludo.

Muy buenas tardes, notamos que al usuario se le realiza el envío de la contraseña temporal , puede haber un eventualidad con el servicio de SMTP controlado por fidudavivienda, por ende se solicita validar este correo y se queda atento a cualquier inquietud adicional.


Causal del incidente: se menciona que al usuario no le llega el correo para el restablecimiento de la contraseña pero este si se envía por medio del correo: notificacionesfidudavivienda@davivienda.com; administrado por davivienda",0
"Buen dia Estimados

Solicito su amable y urgente colaboracion cargando los documentos de vinculacion al davibox del encargo 0602000140245533 del proyecto port","Cordial saludo.



Muy  buen dia, la razon por la cual no se han cargado aún los documentos en la herramienta davibox es debido a que si bien ya se firmó completamente el documento encargo el NIC aun no ha sido firmado por ninguna de las partes. 

Causal del incidente: se menciona que no ha llegado la documentación a la herramienta davibox, pero es debido a que el cliente aun no ha firmado el documento NIC, se hizo el reenvió al correo: luimariagarcia@gmail.com.",0
"Agradezco su colaboración con el reenvió del formato de NIC y Contrato de Encargo Fiduciario del siguiente tercero, toda vez que manifiesta que el mismo no lleg","Cordial saludo.


Muy buen día, se observa que la vinculación asociada al ciente mencionado no se ha enviado a firmas, es por esta razón que los documentos no le han llegado al cliente aun , se realizo el reenvio a firmas al cliente con correo: neidyburgos0131@hotmail.com . Se queda atento a cualquier solicitud adicional.


Causal del incidente: se observa que el proceso de la vinculación para el cliente mencionado se encontraba en etapa 3, es decir no se había enviado los datos del cliente para firmas, por esta razón no se habían generado los respectivos documentos.",1
"Buen dia Estimados

Reciban un cordial saludo

Atentamente me permito solicitar su colaboracion derivado que compensar nos reporta que la inversion No 06020","Buenas tardes.

Evidenciamos que los documentos se cargaron el dia 16 de agosto como se ve en la imagen, creemos que la novedad pudo haber estado en la herramienta davibox, mas sin embargo realizamos nuevamente el cargue de documentos para que sean visualizados el dia de mañana 24 de agosto.",0
"Buen dia Estimados

Reciban un cordial saludo

Solicito su amable colaboracion con el  reeenvio de los documentos de  vinculacion de los siguientes clientes","Cordial saludo.


Muy buen dia,se observa que la documentación faltante se encontraba vencida, se realizo la respectiva ampliación de firmas y se reenvió el correo a los clientes mencionados. Se queda atento a cualquier solicitud adicional.

Causal del incidente: Se observa que la documentación restante por firmar se encontraba vencida, se realizo la respectiva ampliación de firmas.

",1
Buenos días. Tenemos este caso. Nosotros ingresamos todos los datos correctos pero indica que no coinciden y no genera ni el código ni las preguntas de segurida,"No se obtuvo respuesta del Usuario. 
Cerrado por el sistema",2
"Buen dia Estimados,

Reciban un cordial saludo

Atentamente me permito solicitar su colaboracion reenviando los documentos de vinculacion del comprador cedu","Cordial saludo.


Buen dia, se observa que el documento NIC para el comprador con cédula: 53073792   no se ha firmado y se encontraba vencido se procedió con la respectiva ampliación y reenvió de firmas para el NIC mencionado al correo: wilmarjb1983@hotmail.com
. Se queda pendiente a cualquier solicitud adicional.

Causal del incidente: el documento NIC para el comprador con cedula: 53073792   se encontraba vencido.",1
"Buenas tardes:
Bolivar cali se encuentra vinculando un cliente que tiene Ñ en su nombre al parecer lo eliiina porque dice no coincide datos.
Agradecemos su ay","Cordial saludo.


Muy buen dia, el dia de ayer en horas de la noche se realizó el ajuste para la validación de apellidos con Ñ, se solicita realizar nuevamente la vinculación preferiblemente SIN la letra Ñ en el primer apellido, Se adjunta evidencia de la funcionalidad. Se queda atento a cualquier solicitud adicional.


Causal del incidente: se reporta que algunos usuarios que en su primer apellido poseen la letra Ñ no permite realizar la validación de identidad, se realizo el respectivo ajuste para estos casos.",2
VINCULACION PREVENTAS FIDUCIARIA (ONE ID) vinculaciones del 20/08/2023 y las día 26/08/2023 NO se recibieron los archivos CSV,"Cordial saludo.



Muy buen dia,los archivos mencionados se subieron el dia 27 de agosto a las 12:30 a.m a la herramienta davibox. Se adjunta evidencia, de igual manera se vuelve a realizar el cargue de los mismos para que dispongan de ellos el día 31 de agosto.

Causal del incidente: se reporta que no se recibieron los archivos CSV de las vinculaciones del dia 26 de agosto pero estos si se encontraban en el servidor de archivos. ",0
"Desde la semana pasada (viernes) vinculamos a los siguientes compradores a través de ONE ID:
Ximena Eucaris Hernández Parra C.C 1020452907
Andres Felipe Uribe","No se obtuvo respuesta del Usuario. 
Cerrado por el sistema",2
"Buen dia Estimados

Reciban un cordial saludo

Solicito su amable colaboracion con el reenvio de los documentos de vinculaciones de las siguientes inversion","Cordial saludo.


Buen dia, se observa que el documento NIC para el comprador con cédula: 79386738 hace falta un firmante  y se encontraba vencido se procedió con la respectiva ampliación y reenvió de firmas para el NIC mencionado al correo: arboleda@colsubsidio.com. Con respecto al incidente con el cliente:  9271782 se observa que todos los documentos ya están firmados tanto NIC como encargo y ya se encuentran disponibles en el davibox
. Se queda pendiente a cualquier solicitud adicional.

Causal del incidente: el documento NIC para el comprador con cedula: 79386738   se encontraba vencido.",0
"**Urgente** Agradezco su colaboración con la validación del caso que se presenta en la vinculación de ONE de la señoras que se realcionan a continuación, toda v","No se obtuvo respuesta del Usuario. 
Cerrado por el sistema",2
"Buen dia Estimados

Reciban un cordial saludo

Solicito su colaboracion con el reenvio de los documentos de vinculacion del siguiete comprador del Proyecto ","Cordial saludo.


Buen dia, se observa que el documento NIC para el comprador con cédula: 1073516058 no se ha firmado y se encontraba vencido se procedió con la respectiva ampliación y reenvió de firmas para el NIC mencionado al correo: johansb8888@gmail.com
. Se queda pendiente a cualquier solicitud adicional.

Causal del incidente: el documento NIC para el comprador con cedula: 1073516058 se encontraba vencido.",1
Solicitamos tu amable colaboración con la validación del siguiente caso:Nombre Titular: JOHN JAIRO RODRIGUEZ SALGUEROCédula: 79.998.291Referencia Asigna,"Buenas tardes.
Se han estado realizando reenvio de documento para firmar, por favor indicarle al cliente que busque en bandeja de entrada el asunto Encargo para firmar JOHN JAIRO RODRIGUEZ SALGUERO",1
"Agradecemos su ayuda para reenviar la solicitud de firma a la fiduciaria,

Agradezco tu colaboración con el siguiente caso dado que la cliente adquirió 2 inmu","Cordial saludo.


Muy buen día, se observa que los encargos mencionados ya han sido firmados en su totalidad y se dispondrá de ellos el dia de mañana 30 de agosto en la herramienta davibox.

Causal del incidente: Se reporta que no han llegado los documentos para firmas pero al realizar la revisión se  observa que ya fueron firmados en su totalidad, pudo deberse a que se firmaron justo después de reportado el incidente.
",0
"Buen día .

Agradezco tu colaboración para indicar cómo proceder con la vinculación de la cliente LUISA FERNANDA NIÑO ARIZA CC 1013665318 dado que por su Ñ en","Cordial saludo.


Muy buen dia, el dia de ayer en horas de la noche se realizó el ajuste para la validación de apellidos con Ñ, se solicita realizar nuevamente la vinculación con o sin la Ñ en el primer apellido, Se adjunta evidencia de la funcionalidad. Se queda atento a cualquier solicitud adicional.


Causal del incidente: se reporta que algunos usuarios que en su primer apellido poseen la letra Ñ no permite realizar la validación de identidad, se realizó el respectivo ajuste para estos casos.",2
"De las vinculaciones del dia 28/08/2023, el cliente 1095797855; EDINSON OBERTO	PESTANA	PINTO presenta inconsiistencia en el archivo del formulario NIC dado que ","Cordial saludo.


Muy buen dia, se realiza el respectivo cargue de la documentacion, con los nombres de: NIC_Persona_Natural_1095797855_26082023_1693073035_CORREGIDO.pdf y 
Encargo_1095797855_26082023_1693073035_CORREGIDO.pdf
Se dispondrá de estos archivos el dia de mañana 31 de agosto.

Causal del incidente: se reporta que se recibió la documentación duplicada para los documentos de un cliente, se está realizando la trazabilidad del caso.",0
"Buen dia Estimados

Reciban un cordial saludo

Atentamente me permito solicitar su amable colaboración con el cargue en davibox de los documentos de vincula","Cordial saludo.

muy buen dia, la razon por la cual no se dispone aún de los documentos en la herramienta davibox es porque el proceso de firmas se completo hasta el dia de hoy 30 de agosto a las 2 de la tarde, se adjunta evidencia,  se dispondrá de la documentación el día de mañana 31 de agosto. 


Causal del incidente: se reporta que aun no se dispone de la documentación en la herramienta davibox pero es debido a que  la completitud de firmas se llevo a cabo hasta el dia de hoy 30 de agosto.",0
"Buen dia Estimados

Reciban un cordial saludo

Atentamente me permito solicitar su amable  colaboracion con el reenvio de los documentos de vinculacion del ","Hola buen dia 
se reviso su solicitud e identificamos que el sobre estaba vencido, se aumenta el plazo para firmas 
se reenvia el correo a el firmante en curso 
por favor revisar 

causal del incidente: sobre estaba vencido",1
"31/08/2023
1084736187 - 0602000140126873
documentos encargo y nic, ya se encuentran firmados por todas las partes, en el informe registra sin legalizar 
Grup","Cordial saludo.



Muy buen dia, se observó la documentación y se encontró que ya se esta finalizada la etapa de firmas, se subió la respectiva documentación para que se disponga de ella el dia de mañana  01 de septiembre. Se queda atento a cualquier solicitud adicional.

Causal del incidente: La documentación se encontraba en el servidor pero se menciona que no viajó al davibox, se realiza nuevamente el cargue de la documentación 
",0
"31/08/2023
1001348079 - 0602000139995585
""Volver a enviar a firmas porque El plazo para firmar esta solicitud ha expirado, por favor ponte en contacto con qui","Cordial saludo.


Buen dia, se observa que el documento NIC para el comprador con cédula: 1001348079 no se ha firmado y se encontraba vencido se procedió con la respectiva ampliación y reenvió de firmas para el NIC mencionado al correo: ginna.huertas@constructorabolivar.com
. Se queda pendiente a cualquier solicitud adicional.

Causal del incidente: el documento NIC para el comprador con cedula: 1001348079 se encontraba vencido.",1
"31/08/2023
1234090687 - 0602000140127582
 se recibe encargo y nic con firmas y auditoria de firma. Cliente aun sin legalizar 
Grupo de Asignación: Proveedor ","Cordial saludo.



Muy buen dia, se observó la documentación y se encontró que ya se esta finalizada la etapa de firmas, se subió la respectiva documentación para que se disponga de ella el dia de mañana  01 de septiembre. Se queda atento a cualquier solicitud adicional.

Causal del incidente: La documentación se encontraba en el servidor pero se menciona que no viajo al davibox, se realiza nuevamente el cargue de la documentación 
",0
"*URGENTE* Agradezco su colaboración con el reenvio de los documentos del siguiente tercero, toda vez que no recibio el correo para la firma.

SUSANA TRUJILLO ","Cordial saludo.


Muy buen día, se observa que el correo al cual se le ha estado enviando los documentos para firmas es: susanatrujillog@gmail.com y el que se menciona en el incidente es: susanatrujillog86@gmail.com, se realiza el envió a este ultimo correo debido a que es el que se menciona en el incidente. Se queda atento a cualquier solicitud adicional.

Causal del incidente: el correo al cual se ha estado enviando la documentación al cliente difiere del mencionado en el incidente, se realiza el reenvió de la documentación al correo mencionado en el incidente.
",1
"Buen día.

Solicitamos su amable colaboración con el envío de los logs de auditoría de la modificación y eliminación de ususarios desde el 1ro de agosto a hoy","Buenas tardes.
Por favor enviar correo ya que lo solicitado no es una falla tecnológica para abordar por este medio.",1
"Buen dia Estimados

Reciban un cordial saludo 

Atentamente me permito solicitar su colaboracion con el reenvio de los documentos de vinculacion de los sigu","Cordial saludo.


Buen dia, se observa que el documento NIC  y Encargo para el comprador con cédula: 52785787 no se han firmado y se encontraban vencidos se procedió con la respectiva ampliación y reenvió de firmas para el NIC y encargo mencionado al correo: mafesitadeblanko@gmail.com. Con respecto al segundo caso se observa que solo esta faltante la firma por parte de la fiduciaria: vinculacionespreventa@davivienda.com
. Se queda pendiente a cualquier solicitud adicional.

Causal del incidente: el documento NIC y encargo para el comprador con cedula: 52785787 se encontraban vencidos.",1
"Buen dia Estimados

Atentamente me permito solicitar su colaboracion toda vez que constructora los sauces, nos reporta que el cliente  LAURA NATHALY JIMENEZ C","Cordial saludo.


Muy buena noche, se realiza el respectivo envió de la documentación al correo mencionado. Se queda atento a cualquier solicitud adicional.


Causal del incidente: correo del cliente erróneo. ",1
"04/09/2023
0602000139985644 - 32799031
LLEGO EL ENCARGO, PREO EL NIC AÚN NO LLEGA
Grupo de Asignación: Proveedor - Davinci V. Preventas Fiduciaria (One ID), ","Cordial saludo.


Buen dia, se observa que el documento NIC para el cliente mencionado si se ha estado enviando; se adjunta evidencia, se procede a hacer el reenvió al correo: yolanda-arrieta@hotmail.com
 para que se pueda continuar con el proceso de firmas. Se queda pendiente a cualquier solicitud adicional.

Causal del incidente: se observa que el documento NIC si se ha estado enviando pero no se ha firmado.",1
"Buen día Paula.

Agradezco tu colaboración para realizar el envío de los documentos al cliente a continuación pendiente de firma dado que manifiesta haber rev","Cordial saludo.


Buen dia, se observa que el documento NIC y Encargo para el cliente mencionado si se ha estado enviando, se procede a hacer el reenvió al correo: ca.vasquez2429@gmail.com
 para que se pueda continuar con el proceso de firmas. Se queda pendiente a cualquier solicitud adicional.

Causal del incidente: se observa que el documento NIC y Encargo si se ha estado enviando pero no se ha firmado.",1
"Buenas noches

Agradezco tu colaboración con el siguiente caso dado que a la asesora le llegó el comprobante de que el Encargo y NIC estaban firmados, sin emb","Cordial saludo.



Muy buen dia, se observó la documentación y se encontró que ya se esta finalizada la etapa de firmas, se subió la respectiva documentación para que se disponga de ella el dia de mañana  05 de septiembre. Se queda atento a cualquier solicitud adicional.

Causal del incidente: La documentación se encontraba en el servidor pero se menciona que no viajo al davibox, se realiza nuevamente el cargue de la documentación 
",0
VINCULACION PREVENTAS FIDUCIARIA (ONE ID):legalizacion de firma ,"Buenas tardes.
Realizamos reenvio documento nic, por favor indicarle al cliente buscar en su bandeja de entrada el siguiente asunto Nic Persona Natural Benita Solis y continuar con el proceso de firmas.",1
"Buen dia Estimados

Reciban un cordial saludo

Atentamente me permito solicitar su colaboracion con el reenvio de los documentos de vinculacion del siguient","Cordial saludo.


Buen dia, se observa que el documento NIC y Encargo para el comprador con cédula: 1030674850  no se ha firmado y se encontraba vencido se procedió con la respectiva ampliación y reenvió de firmas para el NIC y Encargo mencionado al correo: idania.cb97@gmail.com
. Se queda pendiente a cualquier solicitud adicional.

Causal del incidente: el documento NIC y Encargo para el comprador con cedula: 1030674850 se encontraba vencido.",1
"Buen dia Estimados

Reciban un cordia saludo

Atentamente me permito informar que Constructora los sauces nos reporta la firma de los documentos del encargo","Cordial saludo.


Buen dia, se observa que el documento NIC para el comprador con cédula: 1026280966 no se ha firmado y se encontraba vencido se procedió con la respectiva ampliación y reenvió de firmas para el NIC mencionado al correo: die_go.atos@hotmail.com
. Se queda pendiente a cualquier solicitud adicional.

Causal del incidente: el documento NIC para el comprador con cedula: 1026280966 se encontraba vencido.",1
VINCULACION PREVENTAS FIDUCIARIA (ONE ID):  remitir la documetacion a daviboz del encargo 0602000140251770 ya que este esta firmado,"Cordial saludo.


Buen dia, se observa que el documento NIC para el comprador con cédula: 1107521297 no se ha firmado y se encontraba vencido se procedió con la respectiva ampliación y reenvió de firmas para el NIC mencionado al correo: jersonotizcardona@hotmail.com
. Se queda pendiente a cualquier solicitud adicional.

Causal del incidente: el documento NIC para el comprador con cedula: 1107521297 se encontraba vencido.",1
"VINCULACION PREVENTAS FIDUCIARIA (ONE ID) encargo número 0602000140325830, hasta el momento no lo hemos recibido","Cordial saludo.



Muy buen dia, se observó la documentación y se encontró que ya se este finalizada la etapa de firmas, los archivos se subieron al davibox el día 06 de septiembre; se adjunta evidencia. se subió nuevamente  la respectiva documentación para que se disponga de ella el dia de mañana  12  de septiembre. Se queda atento a cualquier solicitud adicional.

Causal del incidente: La documentación se encontraba en el servidor pero se menciona que no viajo al davibox, se realiza nuevamente el cargue de la documentación. 
",0
"Buen dia Estimados,

Reciban un cordiual saludo

Atentamente me permito solicitar su colaboracion con el reenvio de los documentos de vinculacion de los sig","No se obtuvo respuesta del Usuario. 
Cerrado por el sistema",1
"Solicitamos tu amable colaboración con el reenvío de los formularios a los siguientes clientes, ya que a la fecha no se han recibido para la respectiva firma y ","Cordial saludo.


Muy buen dia, se dio resolución a los casos de la siguiente manera: 
ENCARGO	RESOLUCION
0602000140328388	Reenvió a cvillarreal@cusezar.com

0602000140327554	Reenvió a nansylinares@gmail.com

0602000140309834	Reenvió a madrigalfredi9@gmail.com

0602000140349657	Reenvió a jhonjairo240681@gmail.com

0602000140326101	Reenvió a huber.ardila2019@gmail.com

Causal del incidente: se reenvió los correos para la documentación solicitada, en todos los casos la documentación ya se había enviado con anterioridad pero no se había firmado.


",1
FIDUCIA ESTRUCTURA,"Cordial saludo.



Muy buen día, se observa que la mayoría de vinculaciones finalizaron el proceso de firmas el dia de hoy, por lo que no se encontraban legalizadas, la única salvedad son los siguientes encargos:

0602000140327570: El cliente no ha firmado el NIC, se reenvia al correo: jairarboleda95@gmail.com

0602000140328727: el asesor no ha firmado, se reenvía a : dalopez@cusezar.com


Causal del incidente: en la lista de vinculación adjunta se observa que la gran mayoría se habían firmado el día de hoy por lo que naturalmente aun no estaban legalizadas. la documentación se dispondrá el dia de mañana 12 de septiembre, de igual manera hay documentación  que ya se encuentra en el davibox , por favor validar.

",0
"12/09/2023
0602000139990743  - 52793310 
Cliente tiene los documentos firmados en su totalidad sin embargo no se encuentran cargados en DAVIVBOX, pra su respe","Cordial saludo.



Muy buen dia, se observó la documentación y se encontró que ya se este finalizada la etapa de firmas, los archivos se subieron al davibox el día 12 de septiembre. se subió nuevamente  la respectiva documentación para que se disponga de ella el dia de mañana  13  de septiembre. Se queda atento a cualquier solicitud adicional.

Causal del incidente: La documentación se encontraba en el servidor pero se menciona que no viajo al davibox, se realiza nuevamente el cargue de la documentación. 
",0
"Agradezco su colaboración con el reenvio de los documentos del siguiente tercero, toda vez que el correo que se registro en la plataforma esta errado y no recib","Cordial saludo.


Muy buen día, se observa que el correo al cual se le ha estado enviando los documentos para firmas es: ttorres1234@gmail.com y el que se menciona en el incidente es: tatorres1234@gmail.com
, se realiza el envió a este ultimo correo debido a que es el que se menciona en el incidente. Se queda atento a cualquier solicitud adicional.

Causal del incidente: el correo al cual se ha estado enviando la documentación al cliente difiere del mencionado en el incidente, se realiza el reenvió de la documentación al correo mencionado en el incidente.
",1
"Buen dia Estimados

Atentamente me permito solicitar su amable y urgente colaboracion cargando al davibox las siguientes vinculaciones reportadas por colsubsi","Cordial saludo.



Muy buen dia, se observó la documentación para los dos primeros encargos ya se había subido a la herramienta davibox . se subió nuevamente  la respectiva documentación para que se disponga de ella el dia de mañana  14  de septiembre. Se queda atento a cualquier solicitud adicional.

con respecto al encargo 0602000140164619 se observa que aun hace falta la firma del primer comprador para el documento NIC, se hace el reenvió al correo: wilmarjb1983@hotmail.com


Causal del incidente: La documentación se encontraba en el servidor pero se menciona que no viajo al davibox, se realiza nuevamente el cargue de la documentación. 
",0
"13/09/2023
32877219 - 0602000139897518 
solicito ayuda para enviar reenvio de documentos aperturados por On id, ya que la cliente no recibio los documentos pa","Cordial saludo.



Muy buen dia, el cliente ya firmo toda la documentacion y esta ya fue subida a la herramienta davibox el día 23 de agosto, se adjunta evidencia de que los archivos si viajaron al davibox por lo que si existió un problema pudo haber sido del lado de la herramienta donde se reciben los archivos.

Causal del incidente: la documentación ya fue firmada y se dispone de los archivos ya en la herramienta davibox, al validarse que ya se encontraban en el servidor no corresponde a un error de nuestra plataforma.",0
"13/09/2023
1013610808 - cedula asesor 
Plataforma (No carga página, envía el códigos o sms, recuperación contraseña, botones, legibilidad). No puedo crear el ","No se obtuvo respuesta del Usuario. 
Cerrado por el sistema",2
"13/09/2023
26260424 - 0602000139898193
NO APARECE LA CIUDAD DONDE LA SEÑORA EXPIDIO SU CEDULA  NO SALE QUIBDO SOLO SALE SAN FRANCISCO DE QUIBDO QUEDO MUY ATEN","No se obtuvo respuesta del Usuario. 
Cerrado por el sistema",2
"Buen dia Estimsdos

Reciba un cordial saludo

Atentamente me permito solicitar su amable colaboracion con el reenvio del formulario nic para firma del compr","Cordial saludo.


Buen dia, se observa que los  documentos  para el cliente mencionado si se ha estado enviando, aun hace falta firmar el NIC; se adjunta evidencia, se procede a hacer el reenvió al correo:ianbotina10@gmail.com
 para que se pueda continuar con el proceso de firmas. Se queda pendiente a cualquier solicitud adicional.



Recomendaciones: se recomienda por favor solicitarle al cliente que en el buscador de la bandeja de entrada del correo electrónico busque las palabras: Encargo y/o NIC, también por el correo notificacionesgcp@davincitech.co que es desde donde se remiten los documentos para firmas. 

Causal del incidente: se observa que los documentos  si se han estado enviando pero no se han firmado.",1
"13/09/2023
1015403329 ARCILA LEON CONSUELO - consuelo.arcila@constructorabolivar.com
Buenos días después de mi receso no he podido ingresar al portal de one I","Cordial saludo.



Muy buen dia, el correo de recuperación por parte nuestra se esta enviando, se adjunta evidencia, el correo desde el cual se envía es: notificacionesfidudavivienda@davivienda.com  el cual no esta bajo el alcance de Davinici se solicita escalar el caso con el área que corresponda. Muchas gracias.


Causal del incidente: se reporta que no se esta recibiendo el correo para la recuperación de contraseña pero de nuestra parte si se esta realizando el envió, puede existir alguna novedad con el correo: notificacionesfidudavivienda@davivienda.com  


",1
"Buenas tardes  , nos permitimos informar que aún siguen llegando documentos  PDF incompletos  .. de las vinculaciones del día 12/09/2023 cliente  1140898351	PAU","Cordial saludo.

Muy buen dia, se verifico la documentación y se subió nuevamente al davibox para que dispongan de ella el dia de mañana 14 de septiembre con los nombres de : Encargo_1140898351_11092023_1694466530_CORREGIDO . (se hace esto porque se evidencia que si se sube con el mismo nombre a veces no llega a la herramienta davibox)
Se queda atento a cualquier solicitud adicional.

Causal del incidente: se menciona que no hubo completitud en el documento encargo firmado por el cliente. Se esta realizando la respectiva revision.",0
"Buen dia Estimados

Constructora nucleo nos reporta que las siguientes inversiones del Proyecto Origen senior los documentos fueron firmados por el cliente, s","No se obtuvo respuesta del Usuario. 
Cerrado por el sistema",1
"Agradezco su colaboración con el envió de los documentos firmados al asesor que realizo la vinculación del siguiente cliente, toda vez que la asesora me informa","Cordial saludo.


Muy buen día, se observa que el único documento que falta por diligenciar en firmas es el encargo fiduciario, pero este no ha sido firmado por el cliente con correo: jgurrego@yahoo.es, se realizo el reenvió al cliente mencionado, se solicita que por favor el cliente tramite el proceso de firmas en su totalidad para que el asesor pueda continuar con el mismo.

Causal del incidente: se menciona que el asesor no recibió los documentos para firmas, pero es debido a que el cliente aun no lo ha firmado.",1
"Buen dia Estimados

Reciban un cordia saludo

Atentamente me permito solicitar su colaboracion con el reenvio de los documentos de vinculacion de los siguie","Cordial saludo.


Buen dia, se observa que el documento NIC para el comprador con cédula: 1000613612 no se ha firmado y se encontraba vencido se procedió con la respectiva ampliación y reenvió de firmas para el NIC mencionado al correo: valentina1724@gmail.com
. Se queda pendiente a cualquier solicitud adicional.

Causal del incidente: el documento NIC para el comprador con cedula: 1000613612se encontraba vencido.",1
"Agradezco su colaboración con el reenvio del NIC para firma de la cliente.
Milton Jeovanni Rodriguez Garzón
80733839
06020000140229768","Cordial saludo.


Buen dia, se observa que los  documentos  para el cliente mencionado si se ha estado enviando; se adjunta evidencia, se procede a hacer el reenvió al correo:mjrodriguezg@educacionbogota.edu.co
 para que se pueda continuar con el proceso de firmas. Se queda pendiente a cualquier solicitud adicional.



Recomendaciones: se recomienda por favor solicitarle al cliente que en el buscador de la bandeja de entrada del correo electrónico busque las palabras: Encargo y/o NIC, también por el correo notificacionesgcp@davincitech.co que es desde donde se remiten los documentos para firmas. 

Causal del incidente: se observa que los documentos  si se han estado enviando pero no se han firmado.",1
"Encargo FIRMA ENCARGO No. 0602000140251051Me puedes por favor ayudar con ese número de encargo, a nombre del señor Rodrigo Cortes y Luz Matilde Murillo iden","Cordial saludo.


Muy buena noche, se observa que el cliente rechazó el documento debido a lo que el menciona en la imagen adjunta, en este caso desafortunadamente este proceso no es reversible  y se debe crear nuevamente la vinculación.


Causal del incidente: el asesor menciona que no le llego el documento para firma, pero es debido a que el cliente lo rechazo por el motivo de la imagen adjunta.",1
"Buen día .

Agradezco tu colaboración para reenviar a vinculaciones el documento pendiente dado que el mismo no ha sido recbidio para firma_

Correo cliente","Buenos días.
Notamos que el proceso de firmas por parte del cliente y asesor ha sido culminado como se ve en la imagen, se reenvia documento para firma por parte de fiduciaria.",1
"Solicitamos de tu amable colaboración con el encargo del siguiente cliente, ya que se aperturo por el aplicativo de ONE ID pero no le ha llegadoHUGO CRUZ CAST","No se obtuvo respuesta del Usuario. 
Cerrado por el sistema",2
Solicitamos de tu amable colaboración con el encargo y NIC del siguiente cliente debido a que se aperturó el 20 de septiembre y a la fecha no le ha llegado al c,"No se obtuvo respuesta del Usuario. 
Cerrado por el sistema",2
"speramos que estés bien, solicitamos de tu gran ayuda el día 5 de septiembre firmamos el encargo por One Id de la cliente Carolina Ramirez Gualtero Cc 111059028","Buenas tardes.
El proceso de firmas para el cliente en mención ya culmino como se ve en la imagen, por favor validar si esta vinculación ya se encuentra legalizada, en caso tal que no por favor reabrir incidente.",0
Amablemente solicito su colaboración con  el  siguiente  caso;   el   pasado 8 de  agosto se  realizó la vinculación del apto 711 etapa 1 EL PROYECTO BOSQUE MAD,"Hola, buen dia 
se reviso su solicitud e identificamos lo siguiente:
el asesor de la constructora no había finalizado el proceso de firma 
muy seguramente ingreso pero no le dio enviar al proceso por eso te sale como completado pero no esta finalizado
motivo por el cual no le llego a la fiduciaria

se reenvió a el correo que se solicito
por favor revisar  ",1
"25/09/2023
1084736187 - 602000140126873

NIC y Fiducia firmadas, pero aparece  sin legalizar

Grupo de Asignación: Proveedor - Davinci V. Preventas Fiducia","Buenas tardes.
Los documentos firmados se tramitaron el día 1 de septiembre ya que como se muestra en la imagen los documentos de la cédula mencionada si viajaron a nuestro bucket de storage, la novedad podria estar en la herramienta davibox ya que pudo no haber recibido los documentos.
Por otro lado se sube nuevamente para que se dispongan el dia de mañana 26 de septiembre, por favor reabrir incidente en caso de alguna novedad.",0
"25/09/2023
1026260416 -602000140131840
NIC y Fiducia firmadas, pero aparece  sin legalizar

Grupo de Asignación: Proveedor - Davinci V. Preventas Fiduciaria","Buenas tardes.
Notamos un error en la api de viafirma lo que no genero el tramite de los documentos al davibox, se soluciona problema y se cargan nuevamente para que dispongan el dia de mañana 26 de septiembre.",0
"25/09/2023
71721609 - 602000140131691
NIC y Fiducia firmadas, pero aparece en el informe sin legalizar

Grupo de Asignación: Proveedor - Davinci V. Preventa","Buenas tardes.
Notamos un error en la api de viafirma lo que no genero el tramite de los documentos al davibox, se soluciona problema y se cargan nuevamente para que dispongan el dia de mañana 26 de septiembre.",0
"25/09/2023
40933382 - 602000140127459
NIC y Fiducia firmadas, pero aparece en el informe sin legalizar
Grupo de Asignación: Proveedor - Davinci V. Preventas ","Buenas tardes.
El proceso de firmas aún no ha culminado esta pendiente el proceso de firmas del documento nic, estaba caducado se amplía proceso de firmas y se hace reenvio al cliente.",0
"25/09/2023
1073164250 - 602000139987301
cordial saludo ya se encuentran ambas firmas de ambos titulares para proceder legalizar la fiducia que aun se encuentr","Buenas tardes.
Notamos que esta pendiente por firmas personal de fiduciaria, se reenvia correo a fiduciaria para completar el proceso de firmas.",0
"25/09/2023
1143138807 - 602000139985180
Al cliente solo le llego el encargo y no el nic
Grupo de Asignación: Proveedor - Davinci V. Preventas Fiduciaria (One","No se obtuvo respuesta del Usuario. 
Cerrado por el sistema",2
"25/09/2023
88204771 
En el ultimo paso no sale habilitado para enviar a firma del cliente el encargo fiduciario.
Grupo de Asignación: Proveedor - Davinci V. ","No se obtuvo respuesta del Usuario. 
Cerrado por el sistema",1
"Buenas tardes

Agradezco su colaboración dado que estamos intentnado crear al usuario con correo ecaceres@marval.com.co, pero aparece que el correo ya existe ","Hola buen dia
se reviso y el usuario ya esta creado por eso no les deja crear nuevamente a nombre de el asesor ELIZABETH CACERES COGOLLO
no se elimino por que el usuario tiene varios registros con vinculaciones
si desean se puede actualizar la inf del asesor en caso de que cambie
ya pueden ingresan

correo: ecaceres@marval.com.co
clave: 60297588

apenas ingresen le pide restablecer la clave",1
"Buen dia Estimados

Reciban un cordial saludo

Atentamente me permito solicitar su colaboracion con el reenvio de documentos de vinculacion de las siguiente","Buenas tardes.
El encargo ya se encuentra firmado, pendiente por firmar nic, este se ha estado enviando sin novedad por favor indicarle al cliente que busque en la bandeja de entrada el siguiente asunto: Nic Persona Natural Ian Mabel Sarmiento Botina.
Reabrir incidente en caso de alguna novedad.",1
"26/09/2023

La plataforma presenta el error de data creditop no responde. al momento de realizar la vinculacion 
Grupo de Asignación: Proveedor - Davinci V. ","No se obtuvo respuesta del Usuario. 
Cerrado por el sistema",2
"Agradezco su colaboración con el envió de los documentos para firma de la cliente, toda vez que no los recibió. 
CLIENTE: CATALINA QUINTERO BERMUDEZ
C.C. 1020","Buenas tardes.
Notamos que al cliente no le han llegado los documentos ya que el correo se ingreso de manera errada. se reenvia con correo suministrado en la descripción del incidente, por favor continuar con el proceso",1
"Buen dia Estimados

Reciban un cordial saludo

Atentamente me permito informar que constructora ingeurbe compensar esta reportando que los clientes en sala ","Buenas tardes.
Se han estado enviando los documentos encargo a los clientes mencionado como se ve en las imágenes adjuntas.
Por favor indicarle a los clientes que busquen en bandeja de su correo electrónico el siguiente asunto:
Encargo Para Firmar JULIANA ZULUAGA AGUDELO
Encargo Para Firmar RENE ALVARO CASTILLO ROJAS",1
"El encargo 0602000140254949 del cliente con cc 1001117979, del cual se evidencia ya estan todas las firmas no llego a davibox y se requiere legalizaro urgente m","Buenas tardes.
Notamos una falla en la conexión de viafirma con one id se ajusta el problema y se cargan nuevamente los documentos para que dispongan el dia de mañana 29 de septiembre.",0
"28sep 2023 9 am cc del clientes cc 1019081374  y cc 1113661837 proceso one id Vinculación , se evidencia que en el encargo fiduciario el primer comprador (Brend","No se obtuvo respuesta del Usuario. 
Cerrado por el sistema",2
"28/09/2023
0602000139968343 - 1013595561
porfavor validar que el Nic se encuentra firmado pero aun se encuentra pendiente por legalizar agradezco su colaborac","Hola buen dia 
se reviso su solicitud y en este caso el sr Jose Reina no ha realizado el proceso de firma, motivo por el cual no te sale legalizado ( el proceso que se encuentra firmado es el encargo)
se le envió el correo para que lo realice 

por favor revisar ",0
"Cordial saludo esperando te encuentres muy bien, la presente es para solicitar tu amable colaboración, con la firma del siguiente encargo 0602000140441074  el c","Buen dia.
Notamos que los documentos para el encargo mencionado se tramitaron en la fecha que se muestra la imagen. La falla pudo haber sido de la herramienta davibox al no tomar los documentos, se cargan nuevamente y estarán disponibles el dia de mañana 30 de septiembre.",0
"No permite realizar la descarga de los reportes general y detallado, se queda pegado y no genera los reportesGrupo de Asignación: Proveedor - Davinci V. Pre","No se obtuvo respuesta del Usuario. 
Cerrado por el sistema",2
"Buen dia Estimados

Reciban un cordial saludo

Atentamente me permito solicitar su colaboracion validando la novedad de vinculacion de clientes a traves de ","Buen dia.
Se realiza la verificación de la identificación informada encontrando que en el momento esta identificación tiene un bloqueo por exceder el numero de intentos de validación, esto debido a que en anteriores intentos de realizar el proceso de validación ha ingresado de forma errada la fecha de expedición del documento de identidad, es por ello dicho bloqueo.",2
Error cliente no recibe documentación,"Buenas tardes.
Notamos que el proceso de firmas culmino el dia de hoy, lo que quiere decir que al cliente le llegaron los documentos para firma, estos estaran disponibles el dia de mañana en davibox.",0
"Solicito de su amable ayuda para reenviar el nic 0602000140368251, que se evidencia no lo ha firmado el cliente nuevamente y poder continuar con la vinculacion","Buenas tardes.
Notamos que esta pendiente por firmar el documento NIC, vemos que la herramienta lo ha estado enviando al correo mcmejia@acueducto.com.co por favor indicar al comprador que busque en bandeja de entrada y spam el siguiente asunto:
Nic Persona Natural Miryan Del Carmen Mejia Pulido",1
Error en cargue de archivos en Davibox,"Buenas tardes
Notamos que el documento NIC para los compradores aun falta por proceso de firmar por tal motivo los documentos no han viajado,
Se realiza reenvio de documentos para firma.",0
"Buen dia Estimados, constructora ingeurbe nos reporta la siguiente novedad del siguiente comprador del proyecto viale 26, donde nos informan que el contrato de ","No se obtuvo respuesta del Usuario. 
Cerrado por el sistema",2
"Buenas tardes, 

Solicito de su colaboración a la Sra YAKIRA ISABEL HERNANDEZ TAPIAS CC 55231318 no le llega el formulario de ENCARGO para finalizar la vincul","Buen dia.
Notamos que el documento encargo se ha estado enviando al correo yakira2020@hotmail.com por favor indicar al cliente que busque en bandeja de entrada, spam o correo no deseado el siguiente asunto Encargo Para Firmar Yakira Isabel Hernandez Tapia.",1
"03/10/2023
22082094
FAVOR REENVIAR CORREO CON ENCARGO PARA FIRMAS PUES A CLIENTE YA LE LLEGO NIC Y YA FIRMO PERO NO LE LLEGA CORREO CON ENCARGO FIDUCIARIO A N","Buen dia.
Notamos que el documento encargo se envio, por otro lado vemos el cliente y asesor ya firmo documento encargo lo que quiere decir que el documento si llego.
Por favor continuar con el proceso.",1
"03/10/2023
0602000140389364 -1098707784 
En el envío de correos no llego el Encargo Fiduciario, solo llego W9 y Nic, enviamos los dcumentos varias veces pero ","Buen dia.
El documento encargo se ha estado enviando al correo jhongarcia_0906@hotmail.com por favor indicar al cliente busque en bandeja de entrada, spam o correo no deseado el siguiente asunto Encargo Para Firmar Jhon Marcos Garcia Sepulveda",1
Error documentación firmada no llegan documentos para legalización,"Buen dia.
Notamos que los documentos fueron cargados con anterioridad, el problema pudo haber sido con la herramienta davibox al momento de recibirlos, por favor validar si el dia de mañana aparecen en davibox y en caso tal reabrir incidente nuevamente.",0
"Buen dia Estimados

Rreciban un cordial saludo

ATentamente me permito solicitar su colaboracion derivado que contructora suprema nos reporta que el siguien","No se obtuvo respuesta del Usuario. 
Cerrado por el sistema",2
Error documentación incompleta,"Buen dia.
se realiza ajuste para el documento en mención como solucion temporal mientras se resuelve de raiz el problema para futuros documentos, por favor validar el dia de mañana si en davibox se subió correctamente y reabrir incidente en caso de alguna novedad.",0
"Buenos dias, informamos que de las vinculaciones del día 03/10/2023  cliente  70383841 no llego el  completada NIC (auditoria ) ,Por lo anterior solicitamos por","No se obtuvo respuesta del Usuario. 
Cerrado por el sistema",2
"Buenos días, solicitamos por favor validar dado que de las vinculaciones del día de ayer 04/10/2023 no llegaron la totalidad de los documentos PDF ni los archiv","Buen dia.
Se realiza cargue nuevamente de documentos para que estén disponibles el dia de mañana como solución temporal, por favor reabirir incidente en caso de alguna novedad.",0
Error en cargue de archivos en Davibox,"Buenas tardes.
Se cargan nuevamente los documentos como solucion temporal, mientras se implementa la solcion definitica, por favor validar el dia de mañana y reabriri el incidente en caso de alguna novedad.",0
"05/10/2023
602000139983425 - 1001876117
todos los soportes fueron enviados y firmados.  sin embargo aparece enestado no legalizado. En anteriores respuestas s","Buen dia.
Aun no se ha legalizado ya que el proceso de firmas no ha culminado para el documento encargo. Falta firma asesor.
El cliente no había dado click a proceder a la firma, solicito de parte de asesores hacer acompañamiento al cliente en el proceso de firmas ya que hemos evidenciado que el proceso no se hace correctamente de parte del cliente.
Saludos.",0
"05/10/2023
1075270387 - 0602000140000078
Le llego el encargo firmado, pero el NIC  le llegó pero vencido el tiempo para firmarlo. Favor volver a enviar el NIC","Buenas tardes.
Notamos el documento nic ya esta firmado por cliente y asesor, el correo para el asesor ya no se puede cambiar porque el documento ya esta firmado, como el documento estaba caducado se aumenta el plazo de firmas para personal de fiduciaria, por favor continuar con el proceso.",1
VINCULACION PREVENTAS FIDUCIARIA (ONE ID),"Buenas tardes.
Para el cliente JACKELYNE GARCIA GIRALDO se realiza reenvio de documento para firma.
Para el segundo cliente el documento nic aparece rechazado por el cliente posiblemente accidentalmente hizo click en rechazar, como se muestra en las imagenes.
Una vez rechazado el documento no se puede volver a retomar, por favor hacer la vinculación nuevamente.",1
cliente: OLGA LUCIA LIBREROS PARRAcedula: 66677141numero de producto:0602000140252695Proyecto: TIERRA LINDA DEL RioEtapa: 1Solicitamos porfavor reen,"Buenas tardes.
Notamos que el documento encargo ya ha sido firmado, también vemos que el NIc se ha estado enviando y el cliente lo ha leido, se hace reenvio nuevamente por favor indicar al cliente que busque el siguiente asunto:Nic Persona Natural Olga Lucia Libreros Parra
Reabrir incidente en caso de cualquier novedad.",1
"Agradezco su colaboración con la creación de un usuario en ONE ID, toda vez que cuando se intenta hacer la creación dice que ya existe creado pero no me aparece","No se obtuvo respuesta del Usuario. 
Cerrado por el sistema",2
"Buen dia Estimados

Reciban un cordial saludo

Atentamente me permito solicitar su amable colaboracion derivado que la plataforma no me ha permito realizar ",Gracias por la respuesta Claudia Stefanny,2
"Buenas noches, a pesar de que no es una falla tecnológica agradezco el reenvío de los siguientes documentos dado que dentro de la herramienta no se encuentra ni","Buen dia.
Se reenvia documento encargo ya que es el pendiente por firmar, vemos que los clientes han estado leyendo el correo de recordatorio como se ve en la imagen.
Por favor hacer acompañamiento de firmas a los clientes. ",1
"06/10/2023
1015403329 ARCILA LEON CONSUELO - consuelo.arcila@constructorabolivar.com
Buenos días después de mi receso no he podido ingresar al portal de one I","No se obtuvo respuesta del Usuario. 
Cerrado por el sistema",2
"06/10/2023
Nancy Pardo , cédula 1024530222, correo nancy.pardo@constructorabolivar.com
No permite realizar la creacion del usuario como administrador, dice qu","Buen dia.
En sesión con la camila zuluaga se socializa que lo que se requiere es cambio de cargo, se realiza cambio de cargo.",1
Se solicita porfavor reenvieo del nic al cliente para que se genere el proceso de firma 37120884,"Buen dia.
Documento encargo culminado en etapa de firmas, nic caducado, se aumenta plazo para firmar y asi mismo se hace reenvio.",1
"06/10/2023
CC 94469201
la plataforma de ONE ID esta presentando intermitencias al momento de vincular al cliente. no carga los demas formularios para diligenc","No se obtuvo respuesta del Usuario. 
Cerrado por el sistema",2
"06/10/2023
32798104- 602000140127905
Pendiente firma de nic por parte de fiducia, ya encargo esta firmado 
Grupo de Asignación: Proveedor - Davinci V. Preven","Buen dia.
Se reenvia correo para documento nic a fiduciaria.",1
Error firmas completas registra pendiente de legalizar,"Buen dia.
Para esta vinculación notamos un inconveniente en la comunicación con viafirma y one id se cargan nuevamente los documentos para que estén disponibles el dia de mañana 7 de octubre en davibox como solución temporal.",0
"06/10/2023
0602000139932679 - 52071758
Vinculacion por one id, cliente firmo encargo y nic; hizo falta w9 sale en informe pendiente por firma, solo que ya no ","Buen dia.
Se aumenta plazo para firmar de documento w9 y así mismo se reenvía a cliente correo de notificación para firma, por favor continuar con el proceso.",1
"**Urgente* Agradezco validar si la plataforma esta presentando problemas, toda vez que al momento de intentar realizar esta vinculación del tercero 1152715805  ","No se obtuvo respuesta del Usuario. 
Cerrado por el sistema",0
"Agradezco su colaboración con el envió del Contrato de Encargo Fiduciaria de la cliente, toda vez que no lo recibio.
CLIENTE: MARIA DEL PILAR MORA OCAMPO
C.C.","Buenas tardes.
Notamos que el correo para firma del documento encargo se ha estado enviando al cliente mencionado, por favor indicarle que busque en la bandeja de entrada, spam o correo no deseado el siguiente asunto: Encargo Para Firmar Maria Del Pilar Ocampo Giron.
Solicito de parte de los asesores hacer acompañamiento en proceso de firmas. ",1
Usuarios de constructora colpatris y cusezar intentan realizar vinculacion por one id y les aparece el error Servicio de registraduria no responde porfavor espe,"No se obtuvo respuesta del Usuario. 
Cerrado por el sistema",2
"10/10/2023
0602000139898235 - 1001341060
cliente sin legalizar, documentos firmados 
Grupo de Asignación: Proveedor - Davinci V. Preventas Fiduciaria (One ID","Buen dia.
Aún se se legaliza ya que el proceso de firmas no ha culminado, esta pendiente por firmas el documento nic por todas las partes, se realiza reenvio de recordatorio al cliente.
Por favor indicarle al cliente o asesor el recordatorio para firma.",0
"Descarga de reporte general y detalladoBuen día.Amablemente me permito radicar este incidente, relacionado con el INC0986407, el cuál corresponde a una ","Buenos dias:
Luego de la sesión, se realiza prueba y esta funciona correctamente, se realiza ajuste tecnológico.",2
"10/10/202371657358 - 1024553086""Servicio de registraduría no responde, por favor espere e intente nuevamente."" La falla persiste desde el 09/10/2023, se adj","No se obtuvo respuesta del Usuario. 
Cerrado por el sistema",2
"Agradezco su colaboración, con el reenvió del Encargo Fiduciario de la sigueinte cliente.
Seidy Yorleny Clavijo Linares C.C. 1.070.751.776 
0602000140421522","Buenas tardes.
Por favor indicarle al asesor que ingrese al siguiente link y de click en enviar formulario a firmas ya que detectamos que los documentos no se generaron, esto se debe a que falto hacer el último paso del proceso.
 https://vinculacionfidudavivienda.davivienda.com/#/forms/attach_signature/1696542087/0",1
"Buen dia Estimados

Atentamente me permito solicitar su colaboracion con el reenvio del documento de vinculacion del siguiente cliente reportado por construct","Buen dia.
Se realiza nuevamente reenvio de correo de recordatorio al email h-amar@hotmail.com por favor indicarle al cliente que busque el siguiente asunto en su bandeja de entrada: Encargo Para Firmar Maria Angelica Amar Jimenez",1
"Buen dia Estimados

Reciban un cordial  saludo

Solicito su amable colaboracion con el reenvio de los documentos de vinculacion del cliente reportado por co","Buen dia.
El proceso de vinculación no se culmino por favor indicar al asesor que ingrese al siguiente link https://vinculacionfidudavivienda.davivienda.com/#/forms/attach_signature/1696691849/0 y culmine el proceso de vinculación dando clic en el botón de enviar formulario a firmas ya que no se generaron documentos, por tal motivo al cliente no le han llegado los documentos.",1
"Buen dia Estimados

Atentamente me permito solicitar su colaboracion con la asignacion de constructora triada a los siguentes asesores que ya se encuentran cr","Buen dia.
Luego de la sesión via meet se realiza ajuste a los usuarios mencionados. Ajustando los parámetros y atributos de los mismos en base de datos. ",2
"Buenas tardes

El usuario no puede ingresar ocn una clave temporal que le habían asignado, cuando la consulto no aparece pero tampoco deja borrar o eliminar, ","No se obtuvo respuesta del Usuario. 
Cerrado por el sistema",2
"Caída de información PER_INGLAB

Amablemente me permito informar que en la realización de las pruebas de las HU3 y 7, en la caída de datos del PER_INGLAB está","No se obtuvo respuesta del Usuario. 
Cerrado por el sistema",2
"Capida de datos PER_OPINT

Amablemente me permito informar que en la realización de las pruebas de las HU3 y 7, en la caída de datos en el PER_OPINT se eviden","No se obtuvo respuesta del Usuario. 
Cerrado por el sistema",2
"Llega 3 veces la documentación para firma y se firmó el último documento y no finaliza la vinculación

Amablemente me permito informar que contamos con un cas","Buen dia.
Notamos que se generaron 3 documentos por cada comprador, esto pudo se causado por que el asesor dio 3 veces click en enviar formulario a firmas. 
Se realizara una vinculacion de pruebas con 2 compradores para validar la teoria mencionada.",0
"Buen dia Estimados

Solicito su amable colaboracion toda vez que constructora ingeurbe nos solicita cambiar el correo del siguiente cliente del Proyecto Viale","Buen dia.
El correo no se puede cambiar ya que en la vinculación quedo registrado en viafirma el correo andrestruro@hotmal.com lo que se podria hacer es reenviar los documentos al correo incivel2010-1@hotmail.com
Se hace reenvio al correo incivel2010-1@hotmail.com
Por favor indicarle al comprador.",1
Agradezco su colaboración modificando el nombre del subproyecto del negocio PREVENTA CIUDAD TORREON EL SAUCE toda vez que quedo denominado TORRE 2 y el correcto,"Buen dia.
Se realiza ajuste en base de datos. Aclaro que este parámetro lo crea el usuario desde la herramienta por lo que no es una falla tecnologica.",2
Error en cargue de archivos en Davibox,"Buen dia.
El proceso de firmas nos registra que culmino el dia de hoy, por favor validar si para el dia de mañana los documentos para el cliente en mención aparecen en la herramienta davibox y reabrir el incidente en caso de cualquier novedad.",0
Error documentación incompleta,"Buenos dias.
Adjunto encargo completo como solucion temporal y se revisara a fondo el motivo por el cual el documento no esta viajando completo a la herramienta.",2
"13/10/2023
1061199974
Al momento de vincular el cliente, arroja el error ""Servicio de registraduria no responde"" . Adjunto imagen
Grupo de Asignación: Provee","Buen dia.
Se realiza prueba y el servicio esta respondiendo correctamente, por favor intentar nuevamente y en caso de novedad reabrir incidente.",2
"Buen dia Estimados

Reciban un cordial saludo

Me permito solicitar su amable y urgente apoyo reenviando los documentos para vinculacion del siguiente clien","Buenas tardes Claudia stefanny.
Se realiza reenvio al correo mencionado por favor indicarle al comprador que busque en bandeja de entrada los siguientes asuntos Encargo Para Firmar William Sanchez Pineda y Nic Persona Natural William Sanchez Pineda.
Por favor continuar con el proceso de firmas y reabrir incidente en caso de alguna novedad.",1
Error documentación incompleta,"No se obtuvo respuesta del Usuario. 
Cerrado por el sistema",2
"Buen dia Estimados

Por medio del presente me permito solicitar su colaboracion reenviando los documentos de vinculacion del siguiente comprador del Proyecto ","Buenas tardes.
Nos registra que se realizo la vinculación al cliente mencionado con el correo l.rodriguez@rodamundi.com, por tal motivo no han llegado los documentos para firmar. 
Se realiza reenvío al correo irodriguez@rodamundi.com pero rebota como se ve en la imagen adjunta, Recomendamos hacer nuevamente la vinculación con el correo correcto.",1
Error en cargue de archivos en Davibox,"Buenas tardes.
Desacuerdo a la sesión, se valida que ya están legalizadas las vinculaciones.",0
"Buen dia Estimados

Reciban un cordial saludo

De manera atenta solicito su colaboracion reenviando los documentos de vinculacion de los siguientes clientes","Buenas tardes Claudia Stefanny.
Se reenvia nic y encargo al correo chiquittta3030@outlook.fr y asi mismo también se envia encargo al segundo comprador. Por favor continuar con el proceso de firmas",1
"Usuario pasó de Asesor a Administrador

Buen día.

Amablemente me permito radicar este incidente en relación con el incidente INC0993511, en el cual el usua",Cerrado por solicitante,2
"Error en Caída de datos PER_OPINT - Relacionado al incidente INC0999739 sin respuesta

Amablemente me permito informar que en la realización de las pruebas de","No se obtuvo respuesta del Usuario. 
Cerrado por el sistema",2
"Error en Caída de información PER_INGLAB - Relacionado al incidente INC0999731 Sin respuesta

Amablemente me permito informar que en la realización de las pru","No se obtuvo respuesta del Usuario. 
Cerrado por el sistema",2
20/10/2023Se presenta error con la validación de identidad en la plataforma. Adjunto imagenes del error. Tercer cliente con el mismo casoGrupo de Asigna,"No se obtuvo respuesta del Usuario. 
Cerrado por el sistema",2
VINCULACION PREVENTAS FIDUCIARIA (ONE ID):no pueden visualizar  vinculacion ,"No se obtuvo respuesta del Usuario. 
Cerrado por el sistema",2
"23/10/2023
0602000139988630 - 1076620711
NIC y Fiducia firmadas, pero aparece en el informe sin legalizar
Grupo de Asignación: Proveedor - Davinci V. Prevent","Buenos dias.
Esta sin legalizar ya que esta pendiente por firmas el documento nic, revisando el estado de la vinculación vemos que para el documento nic el plazo para firmar esta caducado. Se aumenta plazo para firmas y así mismo se envia correo de recordatorio al cliente, por favor continuar con el proceso.",0
"23/10/2023
0602000139970042 - 52977170
NIC y Fiducia firmadas, pero aparece en el informe sin legalizar
Grupo de Asignación: Proveedor - Davinci V. Preventas","Buenos dias.
Notamos que esta pendiente por firmas el documento nic, se realiza reenvio, por favor indicarle al cliente que busque en bandeja de entrada el siguiente asunto: Nic Persona Natural Nina Viviana Mendoza Matiz y continuar con el proceso.
Por favor reabrir incidente en caso de alguna novedad.",0
"23/10/2023
0602000139998662 - 1022372038
NIC y Fiducia firmadas, pero aparece en el informe sin legalizar 
Grupo de Asignación: Proveedor - Davinci V. Preven","Buenos dias.
Esta pendiente por firma el documento nic, se realiza reenvio, por favor indicar al cliente que debe firmar para continuar con el proceso.
Reabrir incidente en caso de alguna novedad.",0
"23/10/2023
laura.moreno@constructorabolivar.com
En el momento de ingresar a la plataforma digito mi numero ID no tengo contraseña, me dirijo a olvide mi contr","No se obtuvo respuesta del Usuario. 
Cerrado por el sistema",2
"23/10/2023
0602000139914057 - 1045707584
cliente no recibe nic para firma, es la segunda vez que lo solicito el cliente no recibe el documento para la firma ","Buenas tardes.
Vemos que la herramienta ha estado enviando el documento nic para el cliente en mencion y también vemos que el cliente firmo, pero no dio click en enviar. Solicito muy amablemente hacer acompañamiento al cliente en proceso de firmas.
Por favor reabrir incidente en caso de alguna novedad.",1
"23/10/2023
1059599546
Al momento de vuincular el cliente arroja error, servicio de registraduria no responde. Se realizo intento cambiando el apellino ""MUÑOZ ","Buenas tardes.
Realizo prueba con mis datos y funciona correctamente, por favor volver a intentar y en caso de que persista reabrir incidente y agendarme a meet para revisarlo en conjunto.",2
"23/10/2023
Carlos Andres Perez CC: 94503570
Plataforma arroja error en el envio de documentos, posterior al tramite de vinculacion (se adjunta imagen)
Grupo ","Buenas tardes.
Notamos que no se generaron documentos para la cédula mencionada, por favor indicarle al asesor que ingrese al siguiente link: https://vinculacionfidudavivienda.davivienda.com/#/forms/attach_signature/1698080298/0 y de click en enviar formulario a firmas.
Si definitivamente no permite por favor llamarme a sesión via meet.",1
Error en cargue de archivos en Davibox,"Buenas tardes. 

para la cédula 80383282 se reenvia los documentos al correo nuevo ya que el anterior estaba errado.

para el encargo 0602000140311376 vemos que el comprador 2 con cc 1093792171 aun no ha firmado el documento nic, se realiza reenvio.

Nota: por favor realizar las validaciones antes de montar el incidente ya que esto no es una falla de la herramienta
",0
Error en cargue de archivos en Davibox,"Buen dia,
Se detecta que el problema es red banco, se nos indica que se realizara ajuste por parte de ciberseguridad el dia 17 de noviembre.",0
"30/10/2023
0602000139965810 - 80126990
Buen dia, al cliente no le llega el nic para firmar y terminar el proceso de firmas y poder legalizar, agradezco puedan","Buen dia.
Nic reenviado, por favor indicar al cliente revisar bandeja de entrada.",0
Error en cargue de archivos en Davibox,"Buenas tardes.
Se realiza cargue de los documentos pendientes para que estén disponibles el dia de mañana en la herramienta davibox, por otro lado, se detecta que el tema del cargue de documentos en automático es un tema red banco. ",0
Error proceso de vinculación sin legalizar,"Buenas tardes.
Notamos que los documentos para la vinculación en mención se tramitaron el dia 29 de septiembre y deberían llegar en esa fecha a la herramienta davibox, se realiza cargue nuevamente para que estos este disponibles en davibox el dia de mañana 4 de noviembre.
Por favor reabrir incidente en caso de alguna novedad.",0
Error en creación de usuario,"Buenos dias Daniel.
Gestionado.",2
Error en restablecimiento de clave para ingreso,"No se obtuvo respuesta del Usuario. 
Cerrado por el sistema",2
Error en descarga reporte detallado,"Buenos dias:
Luego de la sesión, se realiza prueba y esta funciona correctamente, se realiza ajuste tecnológico.",2
Solicitud modificación de datos,"Buenas tardes.
La fecha de nacimiento no se puede modificar porque el documento ya se genero, se recomienda hacer nuevamente la vinculación con la fecha correcta.",2
Error cliente no recibe documentación,"Buenos dias.
Para la cédula 1192739349 se realiza reenvio de documento faltante, para la segunda cédula  1140814296  vemos que el documento encargo ha sido rechazado porque el comprador 2 MICHAEL EDMUNDO ECHAVEZ HENAO no realizo la firma de este, revisando el documento encargo vemos que esta firmado de manera repetida por el comprador 1 LINDA SARAY GOMEZ MEJIA. como se muestra en la imagen el patrón de firmas es diferente lo cual el proceso de firmas se realizo incorrectamente para el documento encargo.

Técnicamente no se puede resolver lo que ya esta firmado, se sugiere realizar nuevamente la vinculación y hacer acompañamiento para hacer el proceso de firmas correctamente.",1
Error en cargue de archivos en Davibox,"Buenas tardes.
Por favor indicar a lo asesores que solo se debe enviar una sola vez a firmas ya que si se envían varias veces se va a generar documentación tanto en nic como encargo de manera repetida y esto causa conflicto por que se genera duplicidad en los documentos, se realiza ajuste para esta vinculación y los documentos estarán disponibles el dia de mañana en davibox, por favor reabrir incidente en caso de novedad.",0
Error documentación incompleta,"Buenos dias.
Notamos que los documentos se subieron a la herramienta davibox el dia 11 de noviembre como se ve en la imagen, lo cual ese mismo dia se debió legalizar la vinculación, realizamos nuevamente el cargue para que nuevamante se vean reflejadas el dia de mañana en davibox, por favor reabrir incidente en caso de alguna novedad.",0
"Error en apertura número de encargo ""Supera número de intentos""","Buen dia.
Cuando la herramienta arroja el mensaje ""supero el numero de intentos por mes""  es el límite de intentos permitidos, no es posible continuar con la generación de intentos adicionales, por lo cual se debe esperar el cumplimiento del tiempo indicado para volver a generar la validación correspondiente.",2
Solicitud modificación de datos,"Buenas tardes.
La fecha de nacimiento lamentablemente no se puede cambiar ya que el documento fue generado con la ciudad que se muestra en la imagen y el documento encargo ya esta firmado por el cliente, se recomienda volver hacer la vinculación con la ciudad correcta.",1
Error cliente no recibe documentación,"Buenas tardes.
Notamos que esta pendiente por firma al encargo el comprador Darling Carolina Bobb Casas, desde que inicio el proceso de vinculación se le ha estado enviando al correo 	darlingbobb@hotmail.com por favor indicarle que busque en bandeja de entrada el siguiente asunto: Darling Carolina Bobb Casas - Edwin De Jesus Alvarez Fernandez.
Por favor reabrir incidente en caso de novedad.",1
Error documentación incompleta,"Buenas tardes.
El documento nic esta caducado se aumenta plazo para firmar hasta el 01/16/2023 y así mismo se reenvia correo de recordatorio para que el cliente firme.",1
Error en creación de usuario,"Buenas tardes.
Notamos que el usuario esta eliminado incorrectamente, muy seguramente se elimino desde la aplicación por accidente, en sesión con usuario afectado se crea nuevamente y se confirma ingreso a la herramienta.",1
Error en cargue de archivos en Davibox,"Buenas tardes.
Notamos un fallo al momento de tomar la ultima firma, este fallo fue solventado, por favor validar el dia de mañana 18 de noviembre si los documentos aparecen en davibox.
Por favor reabrir incidente en caso de alguna novedad.",0
"Error ""Servicio de DataCrédito no responde, por favor espere un momento e intente nuevamente""","No se obtuvo respuesta del Usuario. 
Cerrado por el sistema",2
Error en creación de usuario,"Hola buen dia 
en este caso te sale por que si se encuentra registrada como asesor (si lo consultas como asesor si esta)

",2
Error en Caída de datos PER_OPINT,"No se obtuvo respuesta del Usuario. 
Cerrado por el sistema",2
Error en Caída de datos PER_OPINT,"No se obtuvo respuesta del Usuario. 
Cerrado por el sistema",2
Error documentación incompleta,"Buen dia.
Por favor solicitar estos documentos a personal de fiduciaria, no se puede por incidente",1
Error al enviar OTP,"No se obtuvo respuesta del Usuario. 
Cerrado por el sistema",2
Error al enviar OTP,"No se obtuvo respuesta del Usuario. 
Cerrado por el sistema",2
Error en apertura de encargo,"No se obtuvo respuesta del Usuario. 
Cerrado por el sistema",2
Error en firmas se rechaza documento,"Buenas noches.
Se realiza reapertura de documento, por favor continuar con el proceso.",1
Error en cargue de archivos en Davibox,"Buen dia.
Se cargan nuevamente los documentos y estos se verán refleados en la herramienta el dia de mañana 02 de diciembre, por favor abrir incidente en caso de alguna novedad.",0
Error firma repetida - doble titular,"Buen dia.
En Sesión via meet se realiza la explicación del motivo por el cual se presento la novedad, para evitar que eso suceda, se recomienda de parte del asesor o asesores realizar acompañamiento a los clientes en el proceso de firmas.",1
Error al enviar OTP,"No se obtuvo respuesta del Usuario. 
Cerrado por el sistema",2
Error en recepción de estructuras,"Buen dia.
Se realiza cargue de estos documentos, estos se verán reflejados en la herramienta davibox el dia de mañana 5 de diciembre, en caso de alguna novedad, por favor reabrir incidente.",0
"Buenas tardes 

Agradezco su ayuda dado que estamos intentando asignar el proyecto Loira a la asesora, guarda el sistema pero al volver a ingresar ya no apare","Buen dia.
Luego de la sesión se aborda el problema y para solucionar este es necesario realizar eliminación de usuario y creación nuevamente, ya que se va a trabajar con otros proyectos.",2
"05122023 one ID, USUARIO ldgutivil  confirmamos que el encargo enviado para firma se eviedencia que las firma del los dos compradores son de la misma persona, p","Buenas tardes.
Revisando los documentos firmados por el comprador RUBEN DARIO GOMEZ TOVAR notamos que realizo tres firmas cada una con un patron distinto, 2 firmas para el encargo 1 firma para el documento nic, los que nos hace pensar que el proceso de firma se realizo incorrectamente del lado del cliente, técnicamente no se puede reversar la firma, se siguiere realizar nuevamente el proceso de vinculación, y de parte de asesor realizar acompañamiento en el proceso de firmas para este caso y para futuros casos.",1
"Buenas tardes

Agradezco tu colaboración para enviar a firma el NIC del siguiente caso dado que desde mi usuario, se envió a firmas y se completó el Encargo, ","Buenas tardes.
Los documentos se encuentran firmados y deben de estar en la herramienta davibox para legalizar.",0
"Buenas tardes

Agradezco tu colaboración para indicar si el siguiente caso presenta error dado que el detalle de firmas dice firmado y el estado de proceso di","Buen dia.
Notamos que se genero duplicidad en documentos y en base de datos la vinculación no aparece finalizada para etapa de firmas, esto se debe a que muy seguramente el asesor envió mas de 1 vez el formulario a firmas y esto genero el conflicto, efectivamente los documentos ya están firmados y se solventa problema, para el dia de mañana 7 de diciembre estarán los documentos en davibox",0
"podrias por favor ayudar a reenviar un ecargo fiduciario
DENISER PAOLA OBREDOR CASTRO con cedula 1045679653, con encargo fiduciario No 0602000140377335
denipa","Buenas tardes.
Se realiza reenvio, por favor indicar a cliente que busque el asunto Encargo Para Firmar Deniser Paola Obredor Castro",1
"Buen dia estimados

solicito su urgente colaboracion frente a la novedad que reporta la sala de ventas del Proyecto Vivo Park de Constructora Capital, derivad","Buenas tardes.
Se nos informa que el problema fue solucionado por parte del usuario, por mal uso de la herramienta por parte del asesor.",2
"Buen día, solicito su cordial apoyo toda vez que el aplicativo one id está presentando fallas desde el día de ayer arrojando un error en donde indica servicio ","No se obtuvo respuesta del Usuario. 
Cerrado por el sistema",2
"Buenos días

agradezco su colaboraicón con el reenvio del los odcumentos del cliente, dado que no se ha finalizado el proceso de firma. 

1104697137	NORMA Y","Buenas tardes.
Notamos que el documento nic ya esta firmado, esta pendiente el documento encaro y vemos que ya venció el plazo de firmas, se aumenta plazo a firmar teniendo limite de fecha 12/02/2024 18:42:00 COT y así mismo se reenvia nuevamente documento al cliente.
Saludos.",1
"12/12/2023
42872653 - 0602000140621642
buen dia, el cliente revisa todos los archivos del correo busca en asunto davincitech o encargo fiduciario y este no re","Buen dia.
Se ha estado enviando los documentos al correo drdgiraldo@yahoo.com, se realiza reenvio nuevamente, por favor validar con el cliente.",0
"Buenos días , de las vinculaciones del dia 14/12/2023 tenemos son siguientes clientes con novedades y solicitamos por favor subsanar esta novedad de manera defi","Buen dia.
Se realiza cargue de documentos corregidos para los clientes mencionados estos se verán reflejados en la herramienta el dia de mañana 19 en davibox, aun seguimos con la validación de la causa del problema, se resuelve solución temporal mientras seguimos con las validaciones.",0
"Buen día, solicito su amable apoyo con esta falla en el aplicativo, adjunto imagen soporte","No se obtuvo respuesta del Usuario. 
Cerrado por el sistema",2
"18/12/2023
0602000139992665 - 1007292171
cliente creado a traves de one id, en marzo 2023. el cual informe dice que aun no se encuentra legalizado y cuenta co","Buenas tardes.
Notamos que el documento NIC estaba vencido, se aumenta plazo para firmas teniendo como fecha limite 18/12/2023 16:11:00 por favor indicar a comprador buscar en bandeja de entrada el siguiente asunto: Nic Persona Natural Aychel Jivena Laverde Zapata.
Saludos.",0
"18/12/2023
602000140622020 - 43925773
Corregir datos del cliente (correo, nombres, celular, etc), Comparto copia de CÉDULA de la cliente Andrea Castaño Hernan","Buenas tardes.
La etapa de firmas para el código de encargo suministrado ya fue culminado, desde nuestro lado no es posible corregir datos, ya que los documentos están generados y firmados, se siguiere volver a realizar la vinculación.",1
"18/12/2023
0602000140033640 - 98563650
cliente CON firmas completas, y en el informe aparece sin legalizacion. agradezco revisar el estado del mismo
Grupo de","Buenas tardes.
Notamos que fallo la comunicación de la base de datos de la herramienta y la api de viafirma, se solventa el problema y los. documentos estarán disponibles el dia de mañana 19 de diciembre en la herramienta davibox.
Saludos.",0
"18/12/2023
16838444 - HERNEY ANTONIO QUILINDO MEJIA
Cuando se marca que el cliente tiene residencia fiscal en positivo no despliega el menu para opciones del ","No se obtuvo respuesta del Usuario. 
Cerrado por el sistema",2
"Buenos días , de las vinculaciones  del  dia 15/12/2023 las siguientes presentan las siguientes novedades:                                                      ","Buenas tardes.
Se realiza ajuste de documentos mencionados, estos estarán disponibles en la herramienta davibox el dia de mañana 20 de diciembre como solución temporal, seguimos con las validaciones para solucionar definitiva.",0
"Buen dia estimados.

Por medio del presente me permito solicitar su colaboracion con el reenvio de los documentos de vinculacion de los siguientes clientes lo","Buenas tardes.
Documentos reenviados por favor indicar a compradores buscar en bandeja de entrada.",1
"19/12/2023
0602000139925798  y 0602000139925814
confirmamos que se firmaron los documentos en su totalidad pero nunca llegaron los finalizados al Davibox. Agr"," Buenas tardes
Se cargan nuevamente documentos a la herramienta davibox, por favor validar el dia de mañana 20 de diciembre,",0
Error en envío de documentos a correo,"No se obtuvo respuesta del Usuario. 
Cerrado por el sistema",1
Error documentación incompleta,"No se obtuvo respuesta del Usuario. 
Cerrado por el sistema",2
Error en validación de identidad servicio de registraduría no responde,"Buen dia.
Se nos informa que ya se logro realizar vinculación.",2
Error en enviar y recibir código  ,"No se obtuvo respuesta del Usuario. 
Cerrado por el sistema",2
Validación de las vinculaciones del dia 21/12/2023,"No se obtuvo respuesta del Usuario. 
Cerrado por el sistema",2
"22/12/2023
1016072245 
Cordial saludo, requiero de su valiosa colaboracion, al momento asignar el beneficiario en el encargo no deja editarlo ni aparece la op","No se obtuvo respuesta del Usuario. 
Cerrado por el sistema",2
Error en validación de identidad servicio de registraduría no responde,Se valida en la meet que la falla no es de la herramienta si no que el cliente no tiene vida crediticia,2
"Buenas tardes

Se vinculó por oneid pero aparece enviado a firmas y ya firmaron todas las partes agradezco tu ayuda validando el estado, adicionalmente el ase","Buen dia.
tuvimos un problema tecnico con el proceso de tramitación de documentos pdf, realizamos ajuste para vinculación en mención y los documentos estarán disponibles en davibox el dia de mañana 23 de diciembre, por favor reabrir incidente en caso de alguna novedad.",0
Error al realizar pago con número de CC por registro de NIC faltante,"No se obtuvo respuesta del Usuario. 
Cerrado por el sistema",2
"28/12/202352022751 Al realizar la apertura por One Id, el proceso queda estancado en la hoja 3 Formulario Datos Basicos, en el Campo Beneficiario no deja di","Buen dia.
Notamos que el proyecto estaba mal configurado, se ajusta enlazando el nombre del beneficiario con nombre de proyecto.",2
"Los usuarios de la sala de ventas de bio presentan el error que ese adjunta fecha 28122023 hora 03:02,","No se obtuvo respuesta del Usuario. 
Cerrado por el sistema",2
Solicitud reenvío de documentos,"Buenas tardes.
Se realiza el reenvío, aclaro que no es una falla tecnológica.",1
"Error en etapa de vinculación ""Servicio de registraduría no responde, por favor espere e intente nuevamente""",Se confirma normalidad,1
"Buen día agradezco su ayuda ya que  los clientes firmaron NIC Y ENCARGO sin embargo encargo fiduciario no llego al asesor para firmas , se valido correo electró","Buenos días.
Para el encargo No. 0602000140435951 notamos que la herramienta ha estado enviando los documentos para las firmas como se muestra en la primera imagen, se realiza reenvío por favor continuar con el proceso de firmas.

Para el encargo No. 0602000140585714 también notamos que se han estado enviando los documentos, se realiza reenvío por favor continuar con el proceso de firmas.

Por favor buscar en bandeja de entrada por asunto según el documento que corresponda.",1
CASO KEVIN SANTIAGO CASALLAS ROJAS- CC 1000252427 -LA PALMA - APT: 0602 Agradezco tu colaboración con el siguiente caso dado que se ha intentado realizar la,"Buen dia.

El número de documento que nos reportas, lo hemos buscado en las fuentes que hacen parte del pull de nombreCompleto que son procuraduria, sisben y la dian, y no nos da resultados, quiere decir que no se encuentra registrada en esas bases de datos. Por tal motivo esta generando la problemática. esto pasa porque el comprador tiene vida crediticia escasa.",2
"Error en cargue de documentos al Davibox - Vinculación en estado ""Sin Legalizar"" (Documentación firmada)","Buenas tardes.
Notamos que los documentos ya fueron firmados por todas las partes, en dias anteriores tuvimos un inconveniente con nuestra instancia encargada de tramitar los documentos PDF lamentablemente esta vinculación es un rezago de esta falla, al momento se resuelve problema para esta vinculación y los documentos estarán disponibles en la herramienta davibox el dia de mañana 5 de enero.",0
"Error en cargue de documentos al Davibox - Vinculación en estado ""Sin Legalizar"" (Documentación firmada)","Buenas tardes.
Notamos que para esta vinculación la etapa de firmas fue culminada, en dias anteriores tuvimos un inconveniente con nuestra instancia encargada de tramitar los documentos pdf, esta falla fue resuelta técnicamente, lamentablemente esta vinculación fue un rezago de esa falla, al momento se realiza ajuste para esta y los documentos estarán disponibles el dia de mañana 5 de enero en la herramienta davibox.",0
SOLICITUD: Eliminación de usuario,"Buenas tardes
Usuario eliminado, para futuros incidentes con este mismo problema, por favor crear un requerimiento, en caso de no saber como hacer requerimientos hablar con Camila zuluaga.
Saludos.",2
Solicitud para habilitar proceso de vinculación,"Buenas tardes.
En sesión con usuarios afectado se logra realizar retoma de vinculaciones, aclaro que el proceso de llenado de datos no fue completo de parte del asesor, lo que quiere decir que lo reportado no es una falla de la plataforma.",2
SOLICITUD: Cargue de documentos nuevamente a Davibox,"Buenas tardes.
Realizamos cargue de documentos en mención, por favor validar el dia de mañana 10 de enero, en caso de alguna novedad por favor reabrir incidente.",0
"Error en etapa de vinculación ""Servicio de registraduría no responde, por favor espere e intente nuevamente""","Buenas tardes.
Creemos que la novedad pasa puntualmente con este comprador, se revisa con base de datos de registraduria y nos arroja que el numero de documento no se encuentra en base de datos. se realiza prueba con la fecha de expedición 10 de junio del 2021 ya aparece en base de datos.

En ese orden de ideas parece ser que la fecha de expedición del comprador esta incorrecta, se sugiere arreglar el dato directamente con la registraduria.",2
Buen diaAgradezco su ayuda por favor con la siguientes solicitudes : 1005815180  no le llega ninguno de los documentos  por favor reenviar al correo danielm,"1005815180 -->> reenviado al correo correcto
1234638696 -->> reenviado pendiente firmas documento encargo
1234638696 -->> reenviado pendiente firmas documento encargo",1
Buen día .Agradezco tu colaboración para indicar si el siguiente encargo está legalizado dado que no coinciden los estados en ONE ID.Producto	Nombre Pro,"Buenas tardes.
La etapa de firmas ya culmino, los documentos estarán disponibles en la herramienta davibox el dia de mañana 6 de enero.",0
SOLICITUD: Reenvío de documentación,"Buenas tardes.
Notamos que en la mayoría de vinculaciones en mención ya están firmados los encargo, se realizan validaciones:

0602000140293731 > Reenviado, pendiente firma nic
0602000140278831 > Reenviado, pendiente firma nic por danich0405@gmail.com
0602000140282213 > Reenviado pendiente firma encargo por fangel@cusezar.com
0602000140457096 > Reenviado pendiente firma nic por cristhianc.barriosp@gmail.com 
0602000140457229 > Reenviado pendiente firma encargo por vinculacionespreventa@davivienda.com
0602000140457278 --> Reenviado pendiente firma nic por sergioandressanchezrojas@gmail.com
0602000140470412 > Reenviado pendiente firma nic por 0901danielar@gmail.com
0602000140470529 > Reenviado pendiente firma nic por mariajosegomez18.01@gmail.com
0602000140285083 > Reenviado pendiente firma nic por karen.gonzalez@flexpack.com.co y jorgecuello@gmail.com
0602000140498405 > Reenviado pendiente firma encargo por patriciadiaz.11@hotmail.com
0602000140498678 > Reenviado pendiente firma nic por adrylaudes@hotmail.com
0602000140292022 > Reenviado pendiente firma nic por feliperodriguez80189@gmail.com y yolimas2013@gmail.com 
0602000140602014 > Reenviado pendiente firma nic por jorge.cardona@intelred.co 
0602000140602717 > ingresar al link https://vinculacionfidudavivienda.davivienda.com/#/forms/attach_signature/1701295989/0 y enviar a firmas.
0602000140505464 > Reenviado pendiente firma nic y encargo por salixmacorrea@hotmail.com
0602000140505753 > Reenviado pendiente firma nic por danielftriana@gmail.com
0602000140440274 > Reenviado pendiente firma nic por cediel1970@hotmail.com
0602000140440456 > Reenviado pendiente firma nic por vinculacionespreventa@davivienda.com",1
Buen dia EstimadosPor medio del presente me permito solicitar su colaboracion derivado que no he podido crear al usuario cindy gonzalez identifica con cedul,"Buenas tardes.
El usuario se creo 2 veces dentro de la herramienta, por tal motivo esta generando el conflicto, por favor intentar crearlo nuevamente.",2
"Error en etapa de vinculación ""Servicio de registraduría no responde, por favor espere e intente nuevamente""","Buenos dias.
Consultamos el numero de documento y este no se encuentra registrado en las fuentes de datos de registraduria de información publica (DIAN y procuraduría), por tal motivo arroja la alerta de servicio de registraduria no responde.",2
Reenvío de documentos,"Buenas tardes.
El correo del comprador en mención esta incorrecto, se siguiere crear nuevamente la vinculación con el correo correcto.",1
Agradezco tu colaboración con el siguiente caso dado que en el estado del proceso aparece enviado a firmas pero en los campos de NIC y Encargo dice Firmado.,"Buenas tardes.
La vinculación tiene 2 compradores, notamos que esta pendiente la firma del comprador alvaradoele@yahoo.com.ar para el documento NIC, se realiza reenvio.",1
SOLICITUD: Reenvío de documentación,"Buenas tardes.
Los documentos nic ya están firmados, esta pendiente por firma el documento encargo por el comprador patriciadiaz.11@hotmail.com se realiza reenvio.",1
SOLICITUD: Reenvío de documentación,"Buenas tardes.
Esta pendiente la firma para nic y encargo por lhincapie@cusezar.com, se realiza reenvio.",1
Error no se reciben archivos CSV,"No se obtuvo respuesta del Usuario. 
Cerrado por el sistema",0
SOLICITUD: Reenvío de documentación,"Buenas tardes.
Notamos que esta pendiente por firma el documento nic se realiza reenvio al correo alexaycardi@gmail.com",1
Error condiciones especiales del contrato de adhesión registra información desordenada,Cerrado por solicitante,2
Error en recepción de documentación para firmas,"Buenas tardes.

Notamos que el documento Nic ya esta firmado por el comprador, pero este no dio click en enviar, se finaliza proceso, por favor indicar a asesor que debe pasar la siguiente etapa de firmas.",1
SOLICITUD: Reenvío de documentación,"Buenas tardes.
Se realiza el reenvio al correo en mención.",1
SOLICITUD: Reenvío de documentación,"Buenas tardes.
Notamos que el documento encargo ya esta firmado por todas las partes, se realiza reenvio de documento NIC ya que es el que esta pendiente se realiza reenvío al correo mary_ch30@hotmail.com. Por favor indicar a cliente que revise en bandeja de entrada el siguiente asunto: Nic Persona Natural Libia Esther Chaparro Padilla.
Saludos.",1
VINCULACION PREVENTAS FIDUCIARIA (ONE ID) Cliente informa que no les ha llegado el Encargo y el NIC y el w9 del producto 0602000140389547.,"No se obtuvo respuesta del Usuario. 
Cerrado por el sistema",2
VINCULACION PREVENTAS FIDUCIARIA (ONE ID) No llega el encargo fiduciario para firmar ,"Buenas tardes.
Notamos que los documentos ya están firmados por todas las partes, estos documentos estarán disponibles en la herramienta davibox el dia de mañana.",0
"VINCULACION PREVENTAS FIDUCIARIA (ONE ID) Error al validar identidad. No envía codigo, tampoco genera preguntas de validación","Buenas tardes.
Validando la evidencia adjunta es porque el comprador respondió las preguntas retro de manera incorrecta, por tal motivo genera la alerta de ""supero el numero de intentos"" revisando vemos que el cliente ya fue vinculado.",0
"Error en etapa de vinculación ""Servicio de registraduría no responde, por favor espere e intente nuevamente""","Buenos dias.
Luego de realizar las validaciones detectamos que el problema es puntual para este comprador no es que la herramienta este fallando sino mas bien es porque el comprador HELLEN SOFIA CARVAJAR TERAN no aparece en fuentes de datos publicas de registraduria.",2
Buen dia EstimadosAtentamente me permito solicitar su colaboracion derivado que constructora jimenez reporta novedad de validacion en oneid preventas del cl,"Buenos dias.
Notamos que el comprador se intento validar en 4 oportunidades, 3 el día 17/01/2024 y uno el día 18/01/2024, en las 4 consultas la respuesta es NO APROBADO POR MINIMO DE RESPUESTAS, es decir, que el cuestionario no es respondido correctamente, no fue superado el mínimo de respuestas correctas, por lo que no se aprueba el cuestionario y por ende no se completa la validación de identidad.
Por favor intentar hacer el proceso y asegurarse de responder las preguntas correctamente.",0
"Buen día .Agradezco tu colaboración con el siguiente caso dado que ONE ID arroja el error de ""No coinciden datos"" pero la información es correcta según la c","No se obtuvo respuesta del Usuario. 
Cerrado por el sistema",2
"Buenos días Agaradezco su ayuda, nos encontramos creando usuarios y asignandole proyectos pero la siguiente asesora no me deja asignar y a la constructora n","Buenos dias.
Muchas gracias por la respuesta, se procede a cerrar incidente.",2
"Error en etapa de vinculación ""Servicio de registraduría no responde, por favor espere e intente nuevamente""","Buenos dias.
Luego de realizar las validaciones detectamos que el problema es puntual para este comprador no es que la herramienta este fallando sino mas bien es porque el comprador HELLEN SOFIA CARVAJAR TERAN no aparece en fuentes de datos publicas de registraduria.",2
"Error en etapa de vinculación ""Servicio de registraduría no responde, por favor espere e intente nuevamente""","Buenos tardes. 
Luego de realizar pruebas con nuestros datos como se muestra en las imágenes adjuntas,  detectamos que el problema es puntual para este comprador no es que la herramienta este fallando sino mas bien es porque el comprador no aparece en fuentes de datos publicas de registraduria.",2
"Error en etapa de vinculación ""Servicio de registraduría no responde, por favor espere e intente nuevamente""","Buenas tardes.
Realizamos pruebas con nuestros datos y la herramienta funciona como se muestra en la imagen.  
Luego de realizar las validaciones detectamos que el problema es puntual para este comprador no es que la herramienta este fallando sino mas bien es porque el comprador  no aparece en fuentes de datos publicas de registraduria.",2
22/01/20230602000139965646 - 1018466546el asesor ya no trabaja con nosotros y no tenemos el nic ya que caduco y por esta razón no se encuentra legalizado te,"No se obtuvo respuesta del Usuario. 
Cerrado por el sistema",0
SOLICITUD: Reactivación de documentación para firmas,"Buenas tardes,
Notamos que el documento nic esta firmado por parte del cliente y caducado, se amplia plazo para firma por las siguientes partes, por otro lado falta por firmar el documento encargo por todas las partes, realizamos reenvio de encargo al cliente al correo suministrado.",1
SOLICITUD: Reenvío de documentos,"No se obtuvo respuesta del Usuario. 
Cerrado por el sistema",1
"Error en cargue de documentos al Davibox - Vinculación en estado ""Sin Legalizar"" (Documentación firmada)","Buenas tardes,
Notamos que los documentos para el nic se duplicaron, esto se debe porque el asesor muy seguramente envió el formulario a firmas mas de una vez, realizamos ajuste de duplicidad y los documentos estarán disponibles en la herramienta davibox el dia de mañana 23 de enero.
Por favor reabrir incidente en caso de alguna novedad.",0
Error en recepción de documentación para firmas,"Buenas tardes.
Notamos que para el documento NIC el plazo de firmas estaba vencido se aumenta plazo para firmar teniendo fecha limite 15/03/2024 y así mismo se reenvia al comprador, por favor indicarle que busque en bandeja de entrada el asunto Nic Persona Natural Yuly Constanza Carvajal Bedoya en el correo 	cony.carvajal1987@gmail.com",1
Buen dia EstimadosPor medio del presente me permito solicitar su colaboracion con el cargue en el davibox del siguiente encargo fiduciario derivado que se e,"Buenas tardes.
Notamos que los documentos ya se encuentran disponibles el dia de hoy 23 de enero, por favor validar con cyespiti@davivienda.com porque motivo aun no esta legalizada la vinculación ",0
"Error Vinculación en estado ""Sin Legalizar"" (Documentación firmada)","Buenas tardes.
Notamos que el documento encargo se venció el plazo para firmar por parte de asesor, se aumenta plazo teniendo fecha limite 10/04/2024 y así mismo se realiza reenvio al correo brainer.vinas@constructorabolivar.com",0
SOLICITUD: Reactivación de documentación para firmas,"Buenas tardes.
El documento sic estaba caducado, se aumenta plazo para firmar teniendo fecha limite 16/03/2024 y así mismo se hace reenvío al cliente por favor indicarle que busque en bandeja de entrada el asunto Nic Persona Natural Nina Viviana Mendoza Matiz en el correo olavivimendoza@yahoo.com.mx",1
Error encargo de vinculación con dos titulares firmada doblemente por un titular,"Buenas tardes.
Efectivamente notamos que el comprador Brenda Vanessa Escobar Tovar firmo de manera errada, lamentablemente la firma ya esta hecha y no se puede corregir de nuestro lado, se recomienda realizar nuevamente la vinculación y realizar el proceso de firmas correctamente.",1
"VINCULACION PREVENTAS FIDUCIARIA (ONE ID) Cliente no recibio NIC, recibio solo encargo fiduciario ya esta completado por favor reenviar","Buenas tardes.
 Notamos que los documentos ya se encuentran firmados por todas las partes, estos estarán disponibles en la herramienta davibox el dia de mañana 24 de enero.",0
SOLICITUD: Reenvío de documentación,"Buenos dias.
Realizamos reenvio de documento encargo ya que es el que esta pendiente por firma, por favor indicar al comprador buscar en bandeja de entrada el asunto Encargo Para Firmar Carmen Cecilia Reyes Ferro en el correo carmenreyesferro@gmail.com",1
Error en cargue de documentos de vinculaciones diarias a Davibox,"Buenas tardes.
Fue necesario disponibilizar nuevamente los documentos para que estos se descarguen nuevamente desde la herramienta davibox ya que este proceso no se realizo de manera automática, se validara para el dia de mañana como se comporta la herramienta al momento de disponibilizar los documentos, por ahora se da solución al incidente para los documentos del dia de ayer.",0
25/01/20241140862188 - carmen.urbina@constructorabolivar.comNo me llega el codigo de validación al correo electrónico para crear un nuevo usuario. lo intent,"No se obtuvo respuesta del Usuario. 
Cerrado por el sistema",1
SOLICITUD: Gestión de acceso (Creación de usuario/Asignación de Clave/Restablecimiento de clave),"Buenos dias.
En sesión via meet con usuario afectado confirma ingreso a la herramienta, de nuestro lado no se realiza intervención técnica.",1
"Error en etapa de vinculación ""Servicio de registraduría no responde, por favor espere e intente nuevamente""","No se obtuvo respuesta del Usuario. 
Cerrado por el sistema",2
Error en validación de cliente no se recibe código,"No se obtuvo respuesta del Usuario. 
Cerrado por el sistema",2
"Error en etapa de vinculación ""Servicio de registraduría no responde, por favor espere e intente nuevamente""","No se obtuvo respuesta del Usuario. 
Cerrado por el sistema",2
"Error en etapa de vinculación ""Servicio de registraduría no responde, por favor espere e intente nuevamente""","No se obtuvo respuesta del Usuario. 
Cerrado por el sistema",2
"29/01/20240602000140131691 - 71721609 / 21467387viene del incidente INC1068723 , los documentos no fueron cargados al DAVIBOX Grupo de Asignación: Proveed","Avance:
Se socializa la manera de realizar la legalización con el usuario que reporta el incidente, no es necesario que el incidente siga abierto ya que se va a realizar a gestión de la fiduciaria para hacer la legalización.",0
Se presenta interrupción en el acceso a la aplicación afectando el proceso de vinculación a clientes,"Buenas tardes. 
Luego de que se confirma normalidad, se cierra con solución temporal mientras se valida a fondo lo ocurrido.",1
Sala de ventas Bgr13:57 (hace 32 minutos)para administrador3fidudaviviendaBuenas tardes envio datos del cliente actualizados para que porfavor me colabo,"No se obtuvo respuesta del Usuario. 
Cerrado por el sistema",2
30/01/20241153463194A cliente le llegó el encargo pero no le llegó el NIC para firma (unicamente el inconveniente fue con el primer titular)Grupo de Asign,"Buen dia.
Se realiza reenvio, por favor indicarle al comprador buscar en bandeja de entrada el asunto: Nic Persona Natural Ricardo Villanueva Villa en el correo rivillan18@hotmail.com ",1
"Buenas tardes Estimados,Agradzco por favor validar dado que al constructor le esta registrando en la herramienta una etapa que se creó por error y la misma ","Buen dia.
En sesión con usuario afectado modifica para que la etapa quede inactiva. No es falla tecnológica.",0
"31/01/20241007118059Al momento de enviarle el codigo al cliente no se le envia, presenta errorGrupo de Asignación: Proveedor - Davinci V. Preventas Fiduci","Buenos dias.
Realizo pruebas con mis datos y la herramienta valida la identidad, el problema reportado es puntual para este cliente, solicito por favor realizar pruebas con otros datos desde su lado ya que desde aquí la herramienta funciona sin problemas.",2
"Buen dia Estimados,Por medio del presente me permito solicitar su colaboración con el cargue en el davibox de los documentos de las siguientes vinculaciones","Buen dia.
Se valida con cyespiti@davivienda.com he indica que se cargaron los documentos para las vinculaciones en mención. por favor validar con fiduciaria para la legalización.",0
31/01/20240602000139965646 - 1018466546el asesor ya no traba con nosotros y no tenemos el nic ya que caduco y por esta razón no se encuentra legalizado tene,"Buenos dias.
Notamos que el documento nic ya esta firmado por el comprador se realiza reenvio para firma al correo juan.galarza@constructorabolivar.com por favor continuar con el proceso.",0
"Error en cargue de documentos al Davibox - Vinculación en estado ""Sin Legalizar"" (Documentación firmada)","Buenas tardes.
Notamos que los documentos se duplicaron, esto sucede a que el asesor envió más de 1 vez el formulario a firmas y ocasionó un conflicto de duplicidad de documentos., se realiza ajuste y los documentos estarán disponibles en la herramienta davibox en el dia de mañana.",0
"Error en etapa de vinculación ""Servicio de registraduría no responde, por favor espere e intente nuevamente""","Buenos días.
Se realiza prueba del aplicativo y este responde correctamente con mis datos personales, creemos que el tema es puntualmente de este comprador ya que este no aparece en las listas públicas de registraduría.",2
Error al crear proyectos nuevos ,"Buenos dias.

Se tuvo que realizar mantenimiento a nivel de código ya que desde el back estaba trayendo el parámetro de nombre del proyecto de manera errada, para resolver el problema fue necesario realizar despliegue de infraestructura sobre la nube de google.",2
"Agradezco porfavor el reenvio del nic y encargo de one id del siguiente cliente, ya que el asesor indica que desde el app one id no permite realizar el reenvio ","No se obtuvo respuesta del Usuario. 
Cerrado por el sistema",1
Buen  dia EstimadosPor medio del presente me permito reportar el siguiente incidente presentado por constructora jimenez frente al envio de los documentos d,"Buenas tardes.
Se reviso el caso y notamos que en la compra 1 el propietario 1 no ha firmado el NIC por ende se le hace el reenvío de este documento, por favor buscar por el asunto Nic Persona Natural Edher Jesus Castro Camargo.
En la compra 2 notamos que tanto propietario 1 y 2 no han realizado la firma del documento, hacemos también el reenvío del documento para realizar la firma, por favor buscar por el asunto Encargo Para Firmar Carmen Liliana Rodriguez Martinez - Henry Alberto Villamizar Quintero.",1
Error en recepción de documentación para firmas,"Buenos dias.
Notamos que el proceso de firmas ya esta culminado para el comprador MYLHITZA KATHERINE PRECIADO RANGEL. no es necesario hacer reenvíos.",1
SOLICITUD: Gestión de acceso (Creación de usuario/Asignación de Clave/Restablecimiento de clave),"Buenos dias. 
Revisando internamente el proceso de cambio de contraseña para el usuario afectado notamos que la herramienta esta generando la contraseña como se muestra en la imagen. Por favor escalar el caso a camila.zuluaga@davivienda.com ya que el correo que envia la contraseña es notificacionesfidudavivienda@davivienda.com y este no lo administramos nosotros.",1
SOLICITUD: Gestión de acceso (Creación de usuario/Asignación de Clave/Restablecimiento de clave),"Buenos dias.
Notamos que la herramienta esta generando la contraseña para el correo brayan.duenas@constructorabolivar.com como se muestra en las imágenes, por favor escalar el caso a camila.zuluaga@davivienda.com ya que el problema podría estar en el correo que envía la contraseña que es notificacionesfidudavivienda@davivienda.com y este no es administrado por nosotros.",1
Error en encargo registra sin legalizar,"No se obtuvo respuesta del Usuario. 
Cerrado por el sistema",0
buenos dias solicito  su ayuda pra enviar el correo de firma del nic al siguiente cliente.LENIS ASLEIDY ARCOSMENESESCC: 1085303112lenis906@gmail.com,"Buenas tardes.
Se amplía el plazo de firma ya que este se encontraba caducado y se hace el reenvío del documento NIC al correo lenis906@gmail.com.",1
Buen dia EstimadosPor medio del presente me permito reportar la siguiente falla de ingreso en la herramienta ONEID Preventas por parte del asesor Angela Osp,"Buenas tardes.
Luego  de la sesión con el usuario afectado notamos que estaba ingresando a un link que no corresponde al de producción,  por ende no era posible recuperar la contraseña e ingresar a la plataforma, se le hace retroalimentación y finalmente puede ingresar a la herramienta.",2
"Error en etapa de vinculación ""Servicio de registraduría no responde, por favor espere e intente nuevamente""","Buen dia.
Realizamos pruebas con mis datos y la herramienta funciona sin problemas, creemos que el problema es puntual con el comprador esto sucede porque los datos comprador no aparecen en las fuentes de datos de la registraduria, por tal motivo arroja la alerta, no es una falla tecnológica.",2
"Buen dia estimados, por medio del presente me permito solicitar su colaboracion con la validacion del incidente reportado por el asesor Robert Rivera Suarez de ","Buenas tardes.
Vemos que la etapa de firmas ha sido completada, no es necesario volver a reenviar.",1
"Buen dia EstimadosPor medio del presente me permito solicitar su colaboracion con la novedad reportada por el asesor Yulitza Cueto de Constructora Jimenez, ","Buenas tardes.
Se reenvía documento NIC, por favor indicar al comprador buscar por el asunto Nic Persona Natural Neil Oswaldo Rodriguez Morales.",2
"Buen dia estimados, por medio del presente me permito reportar la siguiente novedad por parte de Jenny Blanco coordinadora de sala de ventas del Proyecto Vivo p","No se obtuvo respuesta del Usuario. 
Cerrado por el sistema",2
Buen dia EstimadosReciban un cordial saludo Por medio del presente me permito solicitar su amable colaboracion con el reenvio del formulario NIC del cli,"No se obtuvo respuesta del Usuario. 
Cerrado por el sistema",1
"Buen día, solicito su amable apoyo con el reenvío de los documentos para firma del señor CRISTOBAL GONZALEZ ROJAS cc 6428094 , toda vez que se realizó el envío ","Buenas tardes.
Se hace el reenvío de los documentos para firmas al señor CRISTOBAL GONZALEZ ROJAS, por favor revisar.",1
"Buen dia Agradezco su ayuda con la vinculacion del los dos clientes en detalle ya que a ninguno le llego correo con los documentos para firma , Al validar el in","Buenas tardes.
Notamos que los documentos ya se encuentran firmados por los compradores, este proceso culmino el 25 de febrero, lo cual al momento los documentos deben de estar en davibox para legalizar, por favor validar confiduciaria para la legalización.",0
"Error en etapa de vinculación ""Servicio de registraduría no responde, por favor espere e intente nuevamente""","Buenas tardes.

Esto sucede porque las fuentes de datos entran en mantenimientos, caídas, lentitudes entre otras fallas que pueden presentarse al momento de que se hace la consulta.

Por otro lado el modulo de validación de identidad puede que tenga novedades con clientes puntuales ya que estos no podrían aparecen en fuentes de datos publicas.

Se esta revisando con proveedor de validación de identidad para la causa del problema.",2
"Buen dia agradezco su ayuda con la vinculacion del los dos clientes en detalle ya que a ninguno le llegó el correo con los documentos para firma , Al validar el","Buenas tardes.
Gracias por la respuesta, se procede con el cierre del incidente.",0
"Error en etapa de vinculación ""Servicio de registraduría no responde, por favor espere e intente nuevamente""","Buenas tardes.

Esto sucede porque las fuentes de datos entran en mantenimientos, caídas, lentitudes entre otras fallas que pueden presentarse al momento de que se hace la consulta.

Por otro lado el modulo de validación de identidad puede que tenga novedades con clientes puntuales ya que estos no podrían aparecen en fuentes de datos publicas.

Se esta revisando con proveedor de validación de identidad para la causa del problema.",2
26/02/20240602000140252976 - 1094959694El 30 de julio de 2023 la cliente se vinculó por ONE ID el sistema en su momento arrojo el # del encargo fiduciar,"Buen dia.
Notamos que nic y encargo están caducados, se amplia plazo para firmas teniendo fecha limite de 26/07/2024, se reenvían documentos para que el cliente firme al correo liza.maru.diaz@gmail.com
Por favor indicarle que busque en bandeja de entrada, reabrir incidente en caso de novedad.",1
Error en recepción de documentación para firmas,"Buen dia.
Notamos que el documento nic para el cliente en mención esta vencido el plazo para firmar, se aumenta plazo para firmar teniendo fecha limite de 18/07/2024 se reenvia documento al correo cowboy777@hotmail.com, por favor indicarle que busque en bandeja de entrada.
Reabrir incidente en caso de novedad.",1
"Error en etapa de vinculación ""Servicio de registraduría no responde, por favor espere e intente nuevamente""","No se obtuvo respuesta del Usuario. 
Cerrado por el sistema",2
"Buen dia EstimadosConstructora Coninsa nos reporta que la siguiente inversión se encuentra pendiente de legazacion sin embargo, los documentos de vinculacio","Buenos dias.
Notamos que el documento nic para el comprador July Milena Buitrago Pachon esta pendiente por firmar realizamos reenvio al correo 	jukito22@gmail.com, por favor indicarle que busque en bandeja de entrada el asunto Nic Persona Natural July Milena Buitrago Pachon",1
28/02/20240602000140621329SE ENCUENTRAN FIRMADOS LOS DOCUMENTOS SIN EMBARGO EL ENCARGO ESTA SIN LEGALIZAR. ADJUNTO ENCARGO FIRMADO Grupo de Asignación: Pr,"Buen dia.
Notamos que los documentos se duplicaron para el comprador esto es causado porque el asesor muy seguramente envió el formulario mas de 1, se realiza ajuste y los documentos estarán disponibles del dia de mañana 01 de marzo 2024. Reabrir incidente en caso de alguna novedad.",0
"29/02/2024Solicito su cordial apoyo con el cambio de rol en el aplicativo pasando de usuario asesro a usuario administrador, para el usuario  en relacion: ","Buen dia.
Realizamos cambio por favor validar y reabrir incidente en caso de novedad.",0
"Buenas tardes

Agradezco tu colaboración para enviar a firmas el siguiente caso dado que los clientes manifiestan no haber recibido los correos a excepción de","Buen dia.
Notamos que el comprador Ramiro Alfredo Ahumada Perez esta pendiente por firmar nic y encargo realizamos reenvío al correo ahumadaramiro@hotmail.com por favor indicarle buscar en bandeja de entrada los asuntos Nic Persona Natural Ramiro Alfredo Ahumada Perez y Encargo Para Firmar Ramiro Alfredo Ahumada Perez - Annally Ahumada Villalba",1
"Error en cargue de documentos al Davibox - Vinculación en estado ""Sin Legalizar"" (Documentación firmada)","Buen dia.
Efectivamente notamos que los documentos ya se encuentran firmados detectamos una falla con nuestra base de datos y la comunicación con el proceso de firmas, se realiza ajuste y los documentos estarán disponibles el dia de mañana 4 de marzo 2024, reabrir incidente en caso de novedad.",0
"Buenas tardes , solicitamos por favor validar el siguiente caso donde según el reporte detallado falta la firma de la fiduciaria en el NIC sin embargo al valida","Buen dia.
No ha llegado porque se encuentra vencido el plazo para firmas, se aumenta plazo para firmar teniendo fecha limite 19/07/2024 por favor continuar con el proceso.",0
Buenos días apoyo en el caso se firmaron todos los documentos  sin embargo no han llegaron los archivos PDF Y CSV al davibox  cliente HUGO DANIEL	OSPINA	BARRERO,"Buen dia.
Efectivamente notamos que los documentos ya se encuentran firmados detectamos una falla con nuestra base de datos y la comunicación con el proceso de firmas, se realiza ajuste para esta vinculación y los documentos estarán disponibles el dia de mañana 4 de marzo 2024, reabrir incidente en caso de novedad.",0
"Error en cargue de documentos al Davibox - Vinculación en estado ""Sin Legalizar"" (Documentación firmada)","Buen dia.
Efectivamente notamos que los documentos ya se encuentran firmados detectamos una falla con nuestra base de datos y la comunicación con el proceso de firmas, se realiza ajuste para esta vinculación y los documentos estarán disponibles el dia de mañana 4 de marzo 2024, reabrir incidente en caso de novedad.",0
Buenos días tenemos el siguiente caso: Reporte Detallado  no se visualiza toda la información (incompleto) adicional de acuerdo a los soportes  allegados el cor,"No se obtuvo respuesta del Usuario. 
Cerrado por el sistema",2
"Buenos dias por favor ayuda con el siguiente caso:En el reporte detallado se evidencia  que faltan todas las firmas , sin  embargo de acuerdo a los soportes all","Buen dia.
Notamos que los documentos se duplicaron y algunos ya están firmados por todos los compradores, esto se debe a que el asesor enviar el formulario a firmas mas de 1 vez, realizamos ajuste por favor validar el dia de mañana 4 de marzo 2024 si los documentos aparecen en davibox, reabrir incidente en caso de novedad.",0
"Buenos dias por favor ayuda con el siguiente caso : Según reporte detallado se evidencia que falta la firma del NIC por parte de la Fiduciaria , no obstante al ","Buen dia.
Notamos que el documento nic estaba vencido el plazo para firmas, realizamos aumento de plazo y se envia nic para firma al correo vinculacionespreventa@davivienda.com por favor culminar el proceso de firmas.
Reabrir incidente en caso de novedad.",1
"Buenos dias Por favor validar el siguiente caso:   En el  informe detallado  se evidencia  que ya se firmaron los documentos , pero al davibox no han llegado lo","Buen dia.
En la sesión se confirma que el comprador tiene 2 vinculaciones diferentes e independientes, también se realiza la revisión y se  confirma que hace falta la etapa de firmas para todos los documentos, realizamos reenvio.",0
Buenos dias por favor ayuda con el caso:Se generó informe detallado sin lograr la descarga(No hay datos para generar el reporte) al validar en el correo de caíd,"Buen dia.
Para la vinculación 602000140655624 --> Notamos que aun falta por firma de documento nic por el comprador Maria Jose Blanco Caro, realizamos reenvio por favor indicarle buscar en bandeja de entrada el asunto Nic Persona Natural Maria Jose Blanco Caro en el correo 	mblancoc17@gmail.com y continuar con el proceso de firmas.


Para la vinculación 602000140689565 --> Notamos que falta la firma del comprador Sandra Milena Martin Beltran realizamos reenvio por favor indicarle buscar en bandeja de entrada el asunto Nic Persona Natural Sandra Milena Martin Beltran en el correo 	sandruchis_16@hotmail.com y continuar con el proceso de firmas. Adicionalmente también notamos que hay otra vinculación existente con el encargo 602000140690423 y ya el proceso de firmas culmino.

Reabrir incidente en caso de novedad.",0
"Buenos dias por favor ayuda con el siguiente caso:al descargar el informe detallado nos dice que No hay datos para generar el reporte ,por lo que solicitamos po","Buen dia.
Notamos que esta pendiente el documento encargo por firmar, realizamos reenvio, por favor indicarle al comprador buscar en bandeja de entrada el asunto Encargo Para Firmar Camila Andrea Pena Pinzon en el correo kamilapena13@gmail.com y realizar el proceso de firmas para este documento.
Reabrir incidente en caso de novedad.",1
Error en recepción de documentación para firmas,"Bue dia.
La herramienta ha estado enviando los documentos al comprador como se ve en la imagen.

Realizamos reenvio, por favor indicarle al comprador buscar en bandeja de entrada el asunto Nic Persona Natural Jaime Sanchez Lozano en el correo jaimesanchez300@gmail.com",1
Continuación INC1091531buenas tardes.El cliente manifiesta no haber recibido el correo.2024/02/26 16:44:022024/02/26 17:10:321708983749ANNAL,"Buen dia.
Se ha estado realizando envio y se ha leído el correo como se muestra en la imagen. Realizamos reenvio nuevamente al correo ahumadaramiro@hotmail.com  por favor indicarle buscar en bandeja de entrada.",1
"Error en vinculación en estado ""Información Financiera"" con documentación firmada","Buen dia.
Realizamos ajuste, por favor validar el dia de mañana si los documentos están para legalizar, reabrir incidente en caso de novedad.",0
Buen dia EstimadosConstructora Colsubsio nos reporta que los siguientes del proyecto La Arboleda VIS no han recibido el formulario NIC para culminar su proc,"Buen dia.

Se realiza reenvio a clientes mencionados por favor indicarles buscar en bandeja de entrada, adjunto evidencias para demostrar que la herramienta ha estado enviando los documentos según corresponde.
Reabrir incidente en caso de novedad.",1
"No es un incidente, sin embargo se solicita la anulación de los siguientes usuarios ya que se crearon por error, y se procedió  a eliminarlos y ahora no los dej","Buen dia.
Se realiza lo solicitado.",2
"Buen dia EstimadosConstructora los sauces, nos reporta la siguiente novedad de envio y recepcion de documento de vinculacion del siguiente cliente, el cual ","Buen dia.
Notamos que se han estado enviando los documentos al correo 	jmarin@rbm.com.co se realiza reenvio nuevamente al correo suministrado.",1
"Error en cargue de documentos al Davibox - Vinculación en estado ""Sin Legalizar"" (Documentación firmada)","Buen dia.

Notamos que un problema con la base de datos ya que no tomo el estado de las firmas, realizamos ajuste para las vinculaciones y los documentos estarán disponibles para legalizar el dia de mañana 7 de marzo.
Se revisara solución para futuras vinculaciones.
Reabrir incidente en caso de novedad.",0
Buenas noches YovanyAgradezco tu colaboración para enviar a firmas los documentos del caso adjunto dado que el cliente manifiesta no haber recibido ningún c,"Hola Paula Vanessa.
Realizamos reenvio de documento encargo y nic, por favor indicarle al comprador buscar en bandeja de entrada, realizamos reenvio al correo danietaa@hotmail.com.
Saludos",1
"Error en cargue de documentos al Davibox - Vinculación en estado ""Sin Legalizar"" (Documentación firmada)","Buen día.
Notamos que los documentos se duplicaron y algunos ya están firmados , esto se debe a que se duplicaron los documentos en base de datos, realizamos ajuste para esta vinculacion, se revisara porque motivo se esta duplicando la información, por favor validar el día de mañana 11 de marzo 2024 si los documentos aparecen en davibox, reabrir incidente en caso de novedad.",0
"Error en cargue de documentos al Davibox - Vinculación en estado ""Sin Legalizar"" (Documentación firmada)","Buen día.
Notamos que los documentos ya se encuentran firmados, el motivo del problema se debe a que se duplicaron los documentos en base de datos, realizamos ajuste para esta vinculacion, se revisara porque motivo se esta duplicando la información, por favor validar el día de mañana 11 de marzo 2024 si los documentos aparecen en davibox, reabrir incidente en caso de novedad.",0
"Error en cargue de documentos al Davibox - Vinculación en estado ""Sin Legalizar"" (Documentación firmada)","Buen día.
Notamos que los documentos ya se encuentran firmados, el motivo del problema se debe a que se duplicaron los documentos en base de datos, realizamos ajuste para esta vinculacion, se revisara porque motivo se esta duplicando la información, por favor validar el día de mañana 11 de marzo 2024 si los documentos aparecen en davibox, reabrir incidente en caso de novedad.q",0
"Error en cargue de documentos al Davibox - Vinculación en estado ""Sin Legalizar"" (Documentación firmada)","Buen día.
Notamos que los documentos ya se encuentran firmados, el motivo del problema se debe a que se duplicaron los documentos en base de datos, realizamos ajuste para esta vinculacion, se revisara porque motivo se esta duplicando la información, por favor validar el día de mañana 11 de marzo 2024 si los documentos aparecen en davibox, reabrir incidente en caso de novedad.",0
Nombre constructora ; prodesaNombre proyecto : Nombre sala de ventas : ciudad respoandor Nombre asesor sala de ventas que reporta el caso :  eliana herrer,"Buen dia.
Se realiza trazabilidad al caso y notamos que el tema esta con los datos del comprador, la consulta se realiza a fuentes de datos de procuraduría donde hay novedad con el apellido del comprador se adjunta imagen, se ve que el apellido no coincide con la cédula.

Desde nuestro lado no podemos hacer modificaciones, se siguiere que el comprador se acerque a la entidad para resolver la novedad con el apellido.",2
Error en validación de registraduría,"No se obtuvo respuesta del Usuario. 
Cerrado por el sistema",2
Buen dia EstimadosReciban un cordial saludoSolicito su amable colaboracion con el cargue en el davibox de los documentos de vinculacion del encargo fidu,"Buen dia.
En sesión con cyespiti@davivienda.com nos informa que la vinculacion se encuentra legalizada.
No hay nada que hacer.",0
Nombre constructora - coninsa Nombre proyecto CAMPOALEGRENombre sala de ventas  CAMPOALEGRENombre asesor sala de ventas que reporta el caso ALEJANDRA Ho,"Buenos dias.
Realizamos reenvio de documento encargo a asesor, por favor indicarle buscar en bandeja de entrada, reabrir incidente en caso de novedad.",1
Error en vinculación,"No se obtuvo respuesta del Usuario. 
Cerrado por el sistema",2
Error en registro de nombre del cliente en (NIC) vs Documento de Identificación,"Buen dia.

se escalo el caso a la plataforma de validación de identidad, y nos dijeron que los datos están correctos, por otro lado también se hizo trazabilidad, pero no logramos encontrar nada ya que la validación de identidad se hizo el 19 de febrero paso un mes después de la radicación del incidente y lamentablemente no encontramos traza.

Por favor cuando el problema vuelva a ocurrir indicarnos inmediatamente.",2
Error en archivos CSV registran sin información,"Buen dia.
Gracias por la respuesta.",0
"Error en cargue de documentos al Davibox - Vinculación en estado ""Sin Legalizar"" (Documentación firmada)","Buen dia.
Notamos que el documento nic se duplico en base de datos de la herramienta por tal motivo no viajaron los documentos, se realiza ajuste para esta vinculaciones, por favor revisar el dia de mañana 4 de abril.
Reabrir incidente en caso de novedad.",0
"se solicita y se  se autoriza la eliminación de este tambien asesorcomercial1.agora@prodesa.com, ya que se creo pero no ha sido posible que el usuario ingrese a","Buen dia.
Se gestiona lo solicitado.",2
SOLICITUD: Eliminación de usuario,"Buen dia.
Se realiza eliminación.",2
"Buenas dias , por favor ayuda con el siguiente caso de CONSTRUCTORA BOLIVAR BOGOTA  PROYECTO MALTA  el encargo fiduciario con referencia 0602000140127269 client","Buen dia.
Realizamos cargue nuevamente de documentos, por favor validar el dia de mañana 15 de abril.
Reabrir incidente en caso de novedad.",0
"Error en cargue de documentos al Davibox - Vinculación en estado ""Sin Legalizar"" (Documentación firmada)","Buen dia.
Notamos que en efecto los documentos se firmaron en su totalidad, se duplicaron en base de datos, se realizo corrección des problema.
Por favor validar el dia de mañana 15 de abril.
Reabrir incidente en caso de novedad.",0
"Buenas dias , por favor ayuda con el siguiente caso de CONSTRUCTORA BOLIVAR BOGOTA PROYECTO MALTA el encargo fiduciario con referencia 0602000140127269 clientes","Buen dia.
Notamos que el documento w9 para el comprador Wendy Alejandra Urrego Callejas con cc 1032468074 se encontraba vencido el plazo para firmar, realizamos aumento de plazo teniendo fecha limite de 26/10/2023 por favor continuar con el proceso de firmas para este documento.",1
"15/04/20240602000140388689 TITULARES FIRMARON TODOS LOS DOCUMENTOS, AUN ASI NOS APARECE SIN LEGALIZAR EL ENCARGOGrupo de Asignación: Proveedor - Davinci V","No se obtuvo respuesta del Usuario. 
Cerrado por el sistema",0
"Error en etapa de vinculación ""Datos no coinciden""","Reciba un cordial saludo,

 a continuación, los detalles del caso:

Diagnóstico:

 
Se identifico diferencia de datos en los archivos de validación de la base de datos, por lo cual fue actualizada de acuerdo con lo que se encuentra registrado y disponible en la base de datos de la fuente oficial.

Causa Raíz del Evento:

Actualización Información.

Resultado:


Se realiza el proceso de validación, actualización e inclusión en la base de datos según la información que fue entregada por la fuente oficial. Esta fue disponibilizada para todos los productos y servicios de Experian, por lo cual agradecemos realizar las validaciones y pruebas que se consideren. 
En caso de novedad reabrir incidente.",2
Nombre constructora: Constructora Bolivar SANombre proyecto:  Varios ProyectosNombre sala de ventas: Diferentes salas de ventaNombre asesor sala de ventas,"Buenas tardes.
Solicito muy amablemente radicar un requerimiento con lo solicitado ya que esto no es una falla tecnológica",2
"Buenas tardes, solicitamos por favor de que se genere nuevamente el proceso para firmas de los compradores relacionados de CONSTRUCTORA CUSEZAR , Toda vez que a","Buenas tardes.
Lo solicitado es un requerimiento se iniciará hacer la gestión con REQ0238928",1
SOLICITUD: Reenvío de documentación,"Buenos d ias.
Lo solicitado es un requerimiento se abordara con REQ0239151",2
Error en recepción de documentos para firmas por clientes,"Buenos dias.
los documentos están activos, se necesita que el comprador firme para continuar con la etapa de firmas, realizamos reenvio de documentos al correo ingridv1995@hotmail.com  por favor indicarle buscar en bandeja de entrada los asuntos: Nic Persona Natural Ingrid Vannesa Viuchi Alvarez y Encargo Para Firmar Ingrid Vannesa Viuchi Alvarez",1
SOLICITUD: Reenvío de documentación,"Buenos dias.
Se confirma llegada de documentos al correo ycnarf_89@hotmail.com",1
Error en ingreso al aplicativo,"Buen dia.
Notamos que el usuario no esta creado en la herramienta, por tal motivo esta generando el conflicto, se socializa la creación.",2
Error registro plan de negociación (Duplicidad en fechas),"Buenos días.
Se socializa incidente con usuario y se indica el motivo por el cual no se puede ajustar la fecha ya que el documento esta impreso.",2
Error en ingreso al aplicativo,"No se obtuvo respuesta del Usuario. 
Cerrado por el sistema",2
"Error en cargue de documentos al Davibox - Vinculación en estado ""Sin Legalizar"" (Documentación firmada)","Buenas tardes.
Notamos que la base de datos de la herramienta no tomo el culminado de las etapas de firmas, realizamos corrección y los documentos estaran disponibles el dia de mañana 21 de mayo, reabrir incidente en caso de novedad.",0
Error en ingreso al aplicativo,"No se obtuvo respuesta del Usuario. 
Cerrado por el sistema",2
Error proceso de vinculación  (Pendiente firma NIC),"No se obtuvo respuesta del Usuario. 
Cerrado por el sistema",1
Error en recepción de documentos para firmas por clientes,"Buenos dias.
Se hace el reenvio de los documentos, por favor buscar por los siguientes asuntos:
Nic Persona Natural Luz Helena Cuervo Perez
Encargo Para Firmar Luz Helena Cuervo Perez

Por favor revisar todas las bandejas.",1
Error en recepción de documentos para firmas por clientes,"No se obtuvo respuesta del Usuario. 
Cerrado por el sistema",1
Error en recepción de documentos para firmas por clientes,"No se obtuvo respuesta del Usuario. 
Cerrado por el sistema",1
Solicitud reactivación de correo,"Buenas tardes.

Desde proveedor davinci no se realizan activaciones de usuarios se solicita por favor escalarlo con Camila zuluaga.

Saludos.",1
Error en ingreso al aplicativo,"No se obtuvo respuesta del Usuario. 
Cerrado por el sistema",2
Solicitud reactivación vinculación y envío de documentos,"No se obtuvo respuesta del Usuario. 
Cerrado por el sistema",1
Error para avanzar el flujo de vinculación post etapa validación de identidad exitosa,"No se obtuvo respuesta del Usuario. 
Cerrado por el sistema",2
Error para avanzar el flujo de vinculación post etapa validación de identidad exitosa,"No se obtuvo respuesta del Usuario. 
Cerrado por el sistema",2
Error en recepción de documentos para firmas por clientes,"Buenas tardes.
Realizamos reenvio al comprador de documento nic al correo yasmincastillo255@gmail.com por favor indicarle al comprador buscar en bandeja de entrada el asunto Nic Persona Natural Yasmin Castillo Perez, notamos que el encargo ya esta firmado por el cliente, realizamos reenvio al asesor 	lflechas@cusezar.com

Reabrir incidente en caso de novedad.",1
Error en recepción de documentos para firmas por clientes,"Buenas tardes.
Realizamos reenvio de documentos al comprador por favor indicarle al comprador buscar en bandeja de entrada los asuntos: Nic Persona Natural Jenny Dayan Diaz Montoya, Encargo Para Firmar Jenny Dayan Diaz Montoya
Se reenviaron al correo jennydiaaz@hotmail.com 

Saludos.",1
Solicitud eliminación de usuario para creación con otra constructora,"Buen dia.
Se realiza eliminación de usuario.",2
Error para avanzar el flujo de vinculación post etapa validación de identidad exitosa,"No se obtuvo respuesta del Usuario. 
Cerrado por el sistema",2
Error para avanzar el flujo de vinculación post etapa validación de identidad exitosa,Cerrado por solicitante,2
Solicitud reenvío clave temporal,"No se obtuvo respuesta del Usuario. 
Cerrado por el sistema",2
Error en recepción de documentos para firmas por clientes,"Buenas tardes.
Se revisa el caso y notamos que el contrato ya se encuentra firmado completamente, se hace el reenvio del NIC, por favor indicar buscar por el asunto: Nic Persona Natural Helmis Alejandro Mozo Gutierrez",1
Error para avanzar el flujo de vinculación post etapa validación de identidad exitosa,Cerrado por solicitante,2
Error para avanzar el flujo de vinculación post etapa validación de identidad exitosa,"No se obtuvo respuesta del Usuario. 
Cerrado por el sistema",2
Error para vincular pago con PSE,"Buenas tardes.
Nosotros no brindamos soporte a pagos PSE, solo al aplicativo one id.",2
Error para avanzar el flujo de vinculación post etapa validación de identidad exitosa,"No se obtuvo respuesta del Usuario. 
Cerrado por el sistema",2
Error en recepción de documentos para firmas por clientes,"Buenas tardes.
Se hace el reenvio de los documentos, por favor buscar por los siguientes asuntos:
Nic Persona Natural Diana Patricia Villalba Dominguez
Encargo Para Firmar Diana Patricia Villalba Dominguez

Quedamos atentos a cualquier inconveniente.",1
"Error en cargue de documentos al Davibox - Vinculación en estado ""Sin Legalizar"" (Documentación firmada)","Buenas tardes.
Se suben los documentos al actives por lo cual estos estarán disponibles el dia de mañana 29/05/2024.

Quedamos atentos a cualquier inconveniente.",0
Error en proceso de vinculación(Cliente no está en listas),"No se obtuvo respuesta del Usuario. 
Cerrado por el sistema",2
Solicitud corrección datos de cliente (Fecha de nacimiento),"Buenos dias.
Se sugiere realizar una nueva vinculación ya que los documentos ya fueron generados y estos no se pueden modificar.",1
Error en recepción de documentos para firmas por clientes,"Buenos dias.
Se revisa el caso y notamos que el NIC ya se encuentra firmado, se hace el reenvio del encargo para su respectiva firma.
Por favor indicar buscar por el siguiente asunto: Encargo Para Firmar Jessica Dayana Cely Castro

Quedamos atentos a cualquier inconveniente.",1
Error en permisos de usuario (Ingreso  de vinculaciones  y agregar proyectos),"No se obtuvo respuesta del Usuario. 
Cerrado por el sistema",2
Error al realizar reenvío documentos para firmas,"No se obtuvo respuesta del Usuario. 
Cerrado por el sistema",1
Solicitud de reactivación de vinculación y envío de información,"Buenas tardes.
Se hace el reenvio del NIC, por favor indicar buscar por el asunto: Nic Persona Natural Yessica Alejandra Tejada Serrano
",1
Error para avanzar el flujo de vinculación post etapa validación de identidad exitosa,"No se obtuvo respuesta del Usuario. 
Cerrado por el sistema",2
Error en recepción de documentos para firmas por clientes,"Buenas tardes.
Se hace el reenvio de los documentos, por favor indicar buscar por los siguientes asuntos:
Nic Persona Natural Gustavo Adolfo Ospino Maza
Encargo Para Firmar Gustavo Adolfo Ospino Maza",1
Error en recepción de documentos para firmas por clientes,"Buenas tardes.
Se hace el reenvio de los documentos, por favor indicar buscar por el asunto: 
Nic Persona Natural Edgardo Maza Angulo
Encargo Para Firmar Edgardo Maza Angulo

también revisar la bandeja de entrada de spam.",1
Error en recepción de NIC,"Buen dia.
Notamos que los documentos ya se encuentran firmados en su totalidad, no es necesario realizar reenvio.
Saludos.",1
Error en recepción de documentos para firmas por clientes,"Buen dia.
Realizamos reenvio de documento nic al correo carlos808@aol.com por favor indicarle al comprador buscar en bandeja de entrada el asunto Nic Persona Natural Carlos Adolfo Escobar Rojas.

Saludos.",1
Error en recepción de documentos para firmas por clientes,"Buenas tardes.
Realizamos reenvio de documento encargo al correo elsaa30@hotmail.com por favor indicarle al comprador buscar en bandeja de entrada el asunto: Encargo Para Firmar Elsa Elvira Acosta Garcia
Reabrir incidente en caso de novedad.",1
Error en recepción de documentos para firmas por clientes,"No se obtuvo respuesta del Usuario. 
Cerrado por el sistema",1
Solicitud reenvío de correos (Cliente los elimina por error),"Buenas tardes.
Realizamos reenvio de documentos nic a los dos compradores, tambien realizamos reenvio de documento encargo al comprador caromesa1205@gmail.com ya que esta pendiente por firmar.
Saludos.",1
Error en recepción de documentos para firmas por clientes,"Buenas tardes.
Realizamos activación para el documento encargo, el cliente ya firmo, realizamos reenvio al asesor deljadue@inacar.com.
Por favor continuar con el proceso de firmas.",1
Error para avanzar el flujo de vinculación post etapa validación de identidad exitosa,"No se obtuvo respuesta del Usuario. 
Cerrado por el sistema",2
Error para avanzar el flujo de vinculación post etapa validación de identidad exitosa,"No se obtuvo respuesta del Usuario. 
Cerrado por el sistema",2
"Error en etapa de vinculación ""Servicio de registraduría no responde, por favor espere e intente nuevamente""","Buenas tardes.
Se realiza la sesión con el usuario y se soluciona el problema de acceso que tenia el usuario, también se hace el seguimiento de la vinculación, se llena toda la información requerida y se enviaron los documentos a firmas correctamente.",1
Error en ingreso al aplicativo,"Buen dia,
Se confirma ingreso.",1
Error en recepción de documentos para firmas por clientes,"No se obtuvo respuesta del Usuario. 
Cerrado por el sistema",1
Error para avanzar en la etapa de envío de documentos,"Buen dia
Notamos que se duplico la información del comprador en base de datos, esto se debió a que no se realizo la retoma de la vinculación como se indico en la respuesta inicial sino mas bien sobre la misma vinculación se realizo nuevamente el proceso de validación de identidad y llenado de información, por tal motivo se genero duplicidad, para solventar el problema fue necesario eliminar la duplicidad, con esto se logro enviar el formulario a firmas.
Para próximas vinculaciones se siguiere validar que todos los campos estén llenos y si la validación de identidad y ya se realizo, no es necesario realizarla nuevamente para realizar la retoma de la vinculación.",0
Error para avanzar el flujo de vinculación post etapa validación de identidad exitosa,"No se obtuvo respuesta del Usuario. 
Cerrado por el sistema",2
Error para avanzar el flujo de vinculación post etapa validación de identidad exitosa,Cerrado por solicitante,2
Error en recepción de documentos para firmas por clientes,"Buenas tardes.
Se hace el reenvio del NIC al cliente, indicar buscar por el siguiente asunto:
Nic Persona Natural Brayan Hernando Gutierrez Aponte

Por favor reabrir incidente si vuelve a suceder.",1
Error para avanzar el flujo de vinculación post etapa validación de identidad exitosa,"No se obtuvo respuesta del Usuario. 
Cerrado por el sistema",2
Error en proceso de vinculación post validación en listas,"No se obtuvo respuesta del Usuario. 
Cerrado por el sistema",2
Error para avanzar el flujo de vinculación post etapa validación de identidad exitosa,"Buenas tardes.
Se revisa el caso y se observa que el cliente quedo bloqueado este mes de junio ya que supero el numero permitido de intentos permitidos los cuales son:
por dia: 3
mes: 6
año: 9
",2
Solicitud reenvío de NIC,"Buenas tardes.
Se hace el reenvio del NIC al cliente, indicar buscar por el siguiente asunto:
Nic Persona Natural Maryluz Sanchez Hernandez

Por favor reabrir incidente si vuelve a suceder.",1
Error para avanzar el flujo de vinculación post etapa validación de identidad exitosa,"No se obtuvo respuesta del Usuario. 
Cerrado por el sistema",2
Error para avanzar el flujo de vinculación post etapa validación de identidad exitosa,"Buen dia.
Luego de la sesión se determina que el comprador se encuentra bloqueado en datacredito, se nos informa que el proceso de vinculación se realizo de otra manera.",2
"Buenas tardes, Agradecemos por favor validar el caso de la vinculación del cliente relacionado a continuación, dado que no ha sido reportado en la caida de ","Buenos dias.
Notamos que el proceso de firmas culmino el dia de ayer 4 de junio, lo cual hoy los documentos deben de estar hoy 5 de junio, por favor validar.
Reabrir incidente en caso de novedad.",0
"Buenas tardes, Agradecemos por favor validar el caso de la vinculación del cliente relacionado a continuación, dado que no ha sido reportado en la caida de ","Buenos dias.
Notamos que esta pendiente de firma el documento nic, por otro lado también vemos que la vinculación se creo en la fecha 2023-05-06 09:25:15.000 lamentablemente ya paso las de 1 año y estos documentos ya expiraron, se siguiere crear la vinculación nuevamente ya que esta no se puede retomar.
Saludos.",0
"Buenos días, Solicitamos de su colaboración con la activación y reenvió de los documentos para firmas, Datos de vinculación del cliente,Nombre: CARL","Buen dia.
Notamos que figura como correo de asesor servicioalcliente@constructorabuendia.com este correo tuvo un reemplazo de asesor o un cambio, por este cambio la vinculacion nos se puede retomar ya que no nos registra información en db, para este caso se siguiere contactar al comprador e iniciar nuevamente el proceso ya que es imposible retomarlo por el cambio de cuenta de asesor.
Saludos.",1
"Buenos días, Solicitamos de su colaboración con la eliminación de usuario asesor, Datos de asesor,Nombre: Andres Felipe Alvarez AnguloC.C 1010214420","Buenos dias.
Se realiza eliminado.",2
Error no llegaron archivos a Davibox,"No se obtuvo respuesta del Usuario. 
Cerrado por el sistema",0
"Error en cargue de documentos al Davibox - Vinculación en estado ""Sin Legalizar"" (Documentación firmada)","Buenas tardes.
Se hace el cargue de los documentos al active, los documentos se estarán cargando al davibox el dia de mañana 07/06/2024.

Si el error persiste, por favor reabrir incidente.",0
"Buen día,Agradecemos por favor reenviar los documentos de la vinculación dado que no fueron recibidos por el cliente y lo requieren para la respectiva finaliz","Buen dia.
Realizamos reenvio de nic y encargo al correo forestaldelosandes@hotmail.com  por favor indicarle al comprador buscar en bandeja de entrada los asuntos: Nic Persona Natural Leidy Johana Forero Bejarano y Encargo Para Firmar Leidy Johana Forero Bejarano",1
Error en vinculación no permite avanzar en etapa de firmas,"No se obtuvo respuesta del Usuario. 
Cerrado por el sistema",1
"Buenos días,Agradecemos por favor realizar la verificación del cierre y reporte a davibox archivo cvs de la vinculación relacionada a continuación dado que ","Buen dia.
Notamos que el documento nic para el comprador Martha Rocio Cardona Escudero con cc 31976711 esta pendiente por firmar, realizamos reenvio al correo martha.rce@hotmail.com  por favor indicarle buscar en bandeja de entrada el asunto Nic Persona Natural Martha Rocio Cardona Escudero",0
Anulacion de referencias,"Buenas tardes.
Se ejecuta lo solicitado.",2
Al cliente  no le llega  código de validación OTP en Validación de identidad,"Buen dia.
El dia 4 de junio realizamos un ajuste, adicionalmente vemos que se han realizado bastantes vinculaciones a nombre de esta persona, la ultima que se realizo fue en la fecha 2024-06-07 11:02:45.000 y notamos que paso el proceso de validación de identidad sin problemas.",2
Reenvio de documentos a la Cliente.,"Buen dia.
Realizamos reenvio de documento nic al cliente mencionado ya que este documento es el que esta pendiente por firmar, se reenvio al correo mary_ch30@hotmail.com por favor indicarle al cliente buscar en bandeja de entrada el asunto Nic Persona Natural Libia Esther Chaparro Padilla ",1
Reenvio de documentos por cambio de asesor,"No se obtuvo respuesta del Usuario. 
Cerrado por el sistema",1
"reenvio de documentos, no le llegaron al cliente","Buen dia.
El documento encargo ya esta firmado por todas las partes, el documento nic esta pendiente de firma por parte de asesor, se realia reenvio al asesor con correo drodriguez@cusezar.com, por favor continuar con el proceso.",1
Error en cargue de documentos al Davibox  - Documentación Incompleta,"Buen dia.
Realizamos ajuste de los documentos y los cargamos para que mañana 13 de junio se vean reflejados en la herramienta, por favor revisar 
En caso de novedad por favor reabrir incidente.",0
ELIMINACION DE USUARIO ONE ID,"Buen dia.
Se realiza la eliminación.",2
Asignación proyecto a asesor,"Buenos dias.
Se hace la eliminación del usuario, por favor re abrir incidente si el problema persiste.",2
Asignación de proyecto a usuario one id,"Buenos dias.
Se hace la eliminación del usuario, por favor re abrir incidente si el problema persiste.",2
Reactivación de vinculaciones y reenvió de documentos masivo,"No se obtuvo respuesta del Usuario. 
Cerrado por el sistema",1
Reactivación  de vinculación y cambio de correo de cliente,"Buenas tardes.
Se hace el reenvio de los documentos al nuevo correo, por favor indicar buscar por los siguientes asuntos:
Nic Persona Natural Laura Maria Pulido Bobadilla
Encargo Para Firmar Laura Maria Pulido Bobadilla

Tambien revisar las bandejas de no deseados o spam",1
"Error despues de la validacion de identidad, envio inmediatamente a firmas","Buen dia.
Revisando la vinculación, notamos documentos generados pero estos aun no están firmados, realizamos reenvio al comprador 	laurad.gualdronf@gmail.com por favor indicarle buscar en bandeja de entrada los asuntos:  Nic Persona Natural Laura Daniela Gualdron Forero y Encargo Para Firmar Laura Daniela Gualdron Forero",1
NO PERMITE ASIGNAR  EL PROYECTO,"No se obtuvo respuesta del Usuario. 
Cerrado por el sistema",2
NO DEJA ENVIAR DOCUMENTOS A FIRMAS,"Buenos dias.
Se hace el respectivo seguimiento de la vinculación, se hace con el usuario el respectivo diligenciamiento de toda la información y se envian a firmas sin problemas.",1
Falla en cargues de encargos por archivos csv,"Buenos dias.
Se hace la revisión del caso y la falla se debe a que el documento csv que se esta subiendo contiene espacios en blanco en la parte inferior del documento, por favor eliminar estos espacios para su correcto cargue.",0
Falla en cargues de encargos por archivos csv,"Buenos dias.
Se hace la revisión del caso y la falla se debe a que el documento csv que se esta subiendo contiene espacios en blanco en la parte inferior del documento, por favor eliminar estos espacios para su correcto cargue.",0
REENVIO DE DOCUMENTOS ENCARGO Y NIC,"Buenas tardes.
Se adjunta evidencia de que los correos si se mandaron, por favor indicar buscar por las bandejas de no deseados o de spam.
",1
ACTIVACION DE USUARIO,"Buenas tardes.
Se revisa el caso y notamos que el usuario de la asesora dora.parra@constructorabolivar.com no existe, por favor hacer el debido registro de este.",2
Error al retomar vinculación,"Buenos dias.
Dado a que se solicito hacer el cambio/reemplazo de asesor estos datos fueron borrados de la base de datos, por ende si se reenvían y culminan el proceso de firmas estos no quedaran cargados en el active para ser consumidos por la herramienta de davibox y no podrán ser legalizados, se recomienda volver hacer el proceso de vinculación.",0
SOLICITUD: Cambio de datos de un proyecto,"Buenas tardes.
Se hace la corrección de los nombres de los proyectos solicitados, por favor validar.",0
REENVIO DOCUMENTO ENCARGO,"Buenos dias.
Se revisa el caso y notamos que es categoría Patrimonio por ende este no genera un encargo para firmas.",1
NO DEJA CONTINUAR EN VALIDACION DE IDENTIDAD,"Buenas tardes.
Se da por cerrado el caso ya que se le dio solución por parte del administrador asignándole el proyecto correspondiente.",2
Error en ingreso al aplicativo,"No se obtuvo respuesta del Usuario. 
Cerrado por el sistema",2
Se presenta lentitud en la plataforma afectando el proceso de vinculación de clientes,"Buenas tardes.
En sesión con usuario afectado se confirma normalidad, nos informa que la novedad ocurrió sobre las 9 am, realizamos pruebas internas y la herramienta funciona sin problemas.",1
Solicitud eliminación usuario,"Buenas tardes.
Se hace la eliminación del usuario, por favor revisar.",2
Error lentitud en el envío de documentación para firmas,"Buen dia.
Notamos que se tramito de manera incorrecta la ciudad del comprador para la ley facta ya que se tramito como Si a la ley y luego NO, se tuvo que hacer ajuste desde base de datos y se confirma solución por usuario afectado.",1
REENVIO DE DOCUMENTOS PARA FIRMAS,"Buenos dias.
Se revisa el caso y notamos que esta vinculación esta por categoría Patrimonio, por ende esta no genera el documento encargo para firmar.",1
Se presenta error  al realizar vinculación de clientes se asocian a encargos no existentes,"Buenos dias.
El INC1166858 se trabaja con el RITM0322786.",2
REENVIO DE DOCUMENTOS,"Buenos dias.
Se hace el reenvio del NIC, por favor indicar buscar por el siguiente asunto:
Nic Persona Natural Edith Stella Juvinao Romero

También tener en cuenta las bandejas de correos no deseados o de spam.",1
Reactivación de vinculaciones y reenvió de documentos masivo,"Buenos dias.
Se hace el reenvio de los siguientes documentos:
0602000140278542
Se envia el NIC al cliente CC. 1005965009 leandra.gaitan.04@gmail.com, por favor indicar buscar por el siguiente asunto:
Nic Persona Natural Leandra Gaitan Arteaga

Se envia el NIC al cliente CC. 66826047 esthergaitan19700@gmail.com, por favor indicar buscar por el siguiente asunto:
Nic Persona Natural Esther Gaitan Arteaga

0602000140278765 Ya se encuentra con todos los documentos firmados.

0602000140279086
Se envia el NIC al cliente CC. 1144132132 linit89@hotmail.com, por favor indicar buscar por el siguiente asunto:
Nic Persona Natural Lina Marcela Hoyos Alzate

0602000140279482
Se envia el NIC al cliente CC. 1143993173 natisdiaz98@hotmail.com, por favor indicar buscar por el siguiente asunto:
Nic Persona Natural Natalia Diaz Zapata

0602000140293624 Ya se encuentra con todos los documentos firmados.

0602000140293830 
Se envia el NIC al cliente CC. 1143874720 rengifo98@hotmail.es, por favor indicar buscar por el siguiente asunto:
Nic Persona Natural Maria Alejandra Rengifo Rueda

0602000140371693 Ya se encuentra con todos los documentos firmados.

0602000140371701 
Se envia el NIC al cliente CC. 1130604551 alonsotheone1@hotmail.com, por favor indicar buscar por el siguiente asunto:
Nic Persona Natural Diego Alonso Escobar Quilindo

También revisar las bandejas de correos no deseados o spam.",1
ERRROR AL INGRESAR A ONE ID,"Buenos dias.
Se tiene sesión con el usuario, se realiza el cambio de contraseña con normalidad y ya tiene acceso a la plataforma.",2
Eliminación de usuarios asesor,"Buenos dias.
Se hace la eliminación de los usuarios proporcionados.",2
"Error en etapa de vinculación ""Servicio de registraduría no responde, por favor espere e intente nuevamente""",Cerrado por solicitante,2
"Error en etapa de vinculación ""Servicio de registraduría no responde, por favor espere e intente nuevamente""","No se obtuvo respuesta del Usuario. 
Cerrado por el sistema",2
cambio de correo y reenvió de documentos,"Buenos dias.
Se hace el respectivo cambio de correo y se le reenvían los documentos para firmas.",1
ENVIO DE DOCUMENTOS PARA FIRMAS,Dada la explicación se deja por resuelto el caso.,1
envió de documentos,"Buenos dias.
Se reenvía el NIC y Encargo al cliente denysmar88@hotmail.com ya que no ha realizado/culminado la firma y por ende no le llega al asesor para firmar, por favor indicar buscar por el siguiente asunto:
Nic Persona Natural Denis Maria Arrieta Mendoza
Encargo Para Firmar Denis Maria Arrieta Mendoza

También validar las bandejas de correos no deseados, spam o promociones.
",0
Error en envío de doumentos,"No se obtuvo respuesta del Usuario. 
Cerrado por el sistema",2
Error en creación de usuario,"No se obtuvo respuesta del Usuario. 
Cerrado por el sistema",2
"REENVIO DOCUMENTOS NIC, ENCARGO, W9","Buenas tardes.
Se hace el reenvío de los documentos al correo proporcionado janethernandez30@gmail.com, por favor indicar buscar por los siguientes asuntos:
Nic Persona Natural Olga Janet Hernandez Morales
Encargo Para Firmar Olga Janet Hernandez Morales
Formato W9 Para Firmar Cliente Olga Janet Hernandez Morales

También revisar las bandejas de correos no deseados, spam o promociones.",1
Error en etapa de vinculación (Los datos no coinciden),"Buenas tardes.
Se tiene reunión con el cliente y se observa que la plataforma no acepta caracteres especiales incluyendo el apostrofe ('), el proceso a seguir es hacer la vinculación de forma tradicional ya que el aplicativo no la permite teniendo en cuenta que los campos ya contienen una taxonomía.

Si se desea agregar este carácter especial por favor crear un requerimiento indicando incluir este.",2
RRENVIO DOCUMENTOS NIC YENCARGO,"Buenas tardes.
Se hace el reenvio de los documentos al cliente con el correo oskr_diazm@hotmail.com, por favor indicar buscar por los siguientes asuntos:
Nic Persona Natural Oscar David Diaz Martin
Encargo Para Firmar Oscar David Diaz Martin

También validar las bandejas de correos no deseados, spam o promociones.",0
ELIMINACION USUARIO ONE ID,"No se obtuvo respuesta del Usuario. 
Cerrado por el sistema",2
REEWNVIO DOCUMNETO NIC,"Buenos dias.
Se hace el reenvío del documento NIC, por favor indicar buscar por el siguiente asunto:
Nic Persona Natural Victor Javier Rojas Oviedo

También revisar las bandejas de correos no deseados, spam o promociones.",1
Reactivación de vinculación,"Buenos dias.
Se hace el reenvío del NIC, por favor indicar buscar por el siguiente asunto:
Nic Persona Natural Tania Carolina Arango Torres

También revisar las bandejas de entrada de correos no deseados, spam o promociones.",1
Reactivación de vinculación,"Buenos dias.
Se hace el reenvío del NIC, por favor indicar buscar por el siguiente asunto:
Nic Persona Natural Maria Ligia Olaya Ruiz

También revisar las bandejas de correos no deseados, spam o promociones.",1
Solicitud reenvío documentos,"Buenos dias.
Se revisa el caso y notamos que solo existe una vinculación (0602000140263080) la cual ya contiene todos los documentos totalmente firmados desde el día 30/06/2024.",1
Error en etapa de firmas,"Buenos dias.
Se revisa el caso y se observa que se llenó la información de ley facta y luego se cambio a no y este estaba pidiendo el TIN, se hace la corrección para que no pida este dato, por favor retomar la vinculación y enviar los documentos, re abrir incidente si el problema persiste.",1
Error vinculación en estado pendiente de legalizar,"Buenos dias.
Se realiza sesión con Maria a Lopez y se socializa el motivo por el cual no se puede retomar la vinculación.

la vinculación se creo el dia 2023-03-28 11:29:37.000 se estuvo revisando el documento NIC y la petición para este documento se encuentra caducada como se muestra en la imagen adjunta ya que paso mas de 1 año sin actividad para este documento, lamentablemente este ya no se puede recuperar y muy seguramente quedo en la ultima etapa de firma esta se realizo y no se dio click en enviar y este documento no fue culminado.
Se sugiere crear la vinculación nuevamente y firmar los documentos.
Saludos.
",0
Error en creación de usuario,"Buenos días.
Se hace la eliminación del usuario para que lo puedan volver a crear.",2
Error en cargue de documentos Davibox,"Buenas tardes.
Se cargan los documentos al active, estos estarán disponibles el día de mañana 05/07/2024 en la herramienta davibox.",0
Solicitud reenvío documentos,"Buenos días.
Se hace el reenvío del NIC al correo carche_19@hotmail.com, por favor indicar buscar por el siguiente asunto:
Nic Persona Natural Carlos Gilberto Rueda Serrato

También revisar las bandejas de correos no deseados, spam o promociones.",1
Solicitud de cambio de modadalidad de vinculación (Aleatorio a previnculación),"Buenos días.
Se hace el cambio del tipo de vinculación de Aleatorio a Previnculacion, por favor revisar.

Re abrir incidente si el problema persiste.",2
Error en cargue de documentos Davibox,"Buenos días.
Se hace el cargue de los documentos al active, estos estarán disponibles el día de mañana 06/07/2024 en la herramienta de davibox.",0
Error en cargue de documentos Davibox,"Buenos días.
Se hace el cargue de los documentos al active, estos estarán disponibles el día de mañana 06/07/2024 en la herramienta de davibox.",0
Error en cargue de documentos Davibox,"Buenos días.
Se revisa el caso y notamos que el NIC fue firmado el día de hoy, por ende estos documentos estarán disponibles el día de mañana 06/07/2024 en la herramienta de davibox.",0
Error en cargue de documentos Davibox,"No se obtuvo respuesta del Usuario. 
Cerrado por el sistema",0
Error en etapa de firmas,"Buenos dias.
Notamos que los documentos ya se encuentran firmados por todas las partes, no es necesario realizar ningún proceso.

Saludos.",1
Solicitud eliminación de usuario,"Buenas tardes.
Se hace la eliminación del usuario.",2
Error en cargue de documentos Davibox,"Buenas tardes.
Se suben los archivos al active, por ende estos documentos estarán disponibles el día de mañana 12/07/2024 en la herramienta de davibox.",0
Solicitud reenvío documentos,"Buenas tardes.
Se realiza reenvio de documento nic del comprador jp038@hotmail.com, adicionalmente notamos que ambos compradores les hace falta la firma del encargo entonces también se realizo reenvio.
Reabrir incidente en caso de novedad.",1
Solicitud eliminación de usuario,"Buenas tardes.
Se hace la eliminación de los 2 usuarios.",2
Solicitud reenvío documentos,"Buenas tardes.
Notamos que esta solo pendiente por firma el documento nic, realizamos reenvio al asesor herrera.ev@prodesa.com por favor indicarle buscar en bandeja de entrada.
Reabrir incidente en caso de novedad.",1
Solicitud reenvío documentos,"Buenas tardes.
Se hace el reenvío de los documentos, por favor indicar buscar por los siguientes asuntos:
Nic Persona Natural Luis Carlos Villa
Encargo Para Firmar Luis Carlos Villa

También revisar las bandejas de correos no deseados, spam y promociones.",1
"Error ""Sistema de listas no disponibles"" en etapa de vinculación","Se ha copiado Notas de resolución del incidente principal: Buenos dias.
Notamos que la Api consumida para listas restrictivas de validación de identidad one id estaba presentado fallas, esto se debe a que los certificados SSL se encontraban vencidos lo cual fue necesario generar unos nuevos y re desplegar software, esta actividad se realizo el dia de ayer 10 de julio en horas de la tarde, se realizar pruebas y se confirma normalidad en la herramienta.

Saludos.",0
"Error ""Sistema de listas no disponibles"" en etapa de vinculación","Se ha copiado Notas de resolución del incidente principal: Buenos dias.
Notamos que la Api consumida para listas restrictivas de validación de identidad one id estaba presentado fallas, esto se debe a que los certificados SSL se encontraban vencidos lo cual fue necesario generar unos nuevos y re desplegar software, esta actividad se realizo el dia de ayer 10 de julio en horas de la tarde, se realizar pruebas y se confirma normalidad en la herramienta.

Saludos.",0
"Error ""Sistema de listas no disponibles"" en etapa de vinculación","Se ha copiado Notas de resolución del incidente principal: Buenos dias.
Notamos que la Api consumida para listas restrictivas de validación de identidad one id estaba presentado fallas, esto se debe a que los certificados SSL se encontraban vencidos lo cual fue necesario generar unos nuevos y re desplegar software, esta actividad se realizo el dia de ayer 10 de julio en horas de la tarde, se realizar pruebas y se confirma normalidad en la herramienta.

Saludos.",0
Solicitud eliminación de usuario,"Buenas tardes.
Se hace la eliminación del usuario.",2
"Error ""Sistema de listas no disponibles"" en etapa de vinculación","Se ha copiado Notas de resolución del incidente principal: Buenos dias.
Notamos que la Api consumida para listas restrictivas de validación de identidad one id estaba presentado fallas, esto se debe a que los certificados SSL se encontraban vencidos lo cual fue necesario generar unos nuevos y re desplegar software, esta actividad se realizo el dia de ayer 10 de julio en horas de la tarde, se realizar pruebas y se confirma normalidad en la herramienta.

Saludos.",0
"Error ""Sistema de listas no disponibles"" en etapa de vinculación","Buenos dias.
Notamos que la Api consumida para listas restrictivas de validación de identidad one id estaba presentado fallas, esto se debe a que los certificados SSL se encontraban vencidos lo cual fue necesario generar unos nuevos y re desplegar software, esta actividad se realizo el dia de 10 de julio en horas de la tarde, se realizar pruebas y se confirma normalidad en la herramienta.

Saludos.",0
Error en ingreso al aplicativo,"No se obtuvo respuesta del Usuario. 
Cerrado por el sistema",2
Solicitud eliminación de usuario,"Buenas tardes.
Se hace la eliminación del usuario.",2
Solicitud Gestión de Accesos Davinci  (Desbloqueo de usuario),"Buenas tardes.
Se revisa el caso y se observa que este usuario no ha sido creado en el sistema ya que no se encuentra por ninguna consulta realizada.",2
Error vinculación en estado pendiente de legalizar,"Buenas tardes.
Se hace el cargue de los archivos al active, estos estarán disponibles el día de mañana 12/07/2024 en la herramienta de davibox.",0
Error en etapa de firmas,"Buenos días.
Se escala el caso al proveedor de firmas y este nos colaboran con la falla, los documentos ya quedaron cargados en el active, estarán disponibles el día de mañana 16/07/2024 en la herramienta davibox.",0
Error en etapa de validación de identidad,"No se obtuvo respuesta del Usuario. 
Cerrado por el sistema",2
Solicitud modificación de datos (Correo),"Buenas tardes.
Se hace el cambio de correo y se reenvían los documentos al nuevo, por favor indicar buscar por los siguientes asuntos:
Nic Persona Natural Ana Albenis Sanchez
Encargo Para Firmar Ana Albenis Sanchez

También validar las bandejas de correos no deseados, spam o promociones.",0
Error en etapa de validación FACTA,"Buenas tardes.
Se tiene sesión con el asesor afectado y se logra continuar con el proceso normalmente.",2
Error vinculación en estado pendiente de legalizar,"Buenas tardes.
Se hace el cargue de los documentos al active, estos estarán disponibles el día de mañana 13/07/2024 en la herramienta de davibox.",0
Solicitud eliminación de usuario,"Buenos días.
Se hace la eliminación del usuario.",2
Solicitud reenvío documentos,"Buenas tardes.
Se hace el reenvío tanto del NIC como del Encargo al correo registrado cristiancristian55@hotmail.com, por favor indicar buscar por los siguientes asuntos:
Nic Persona Natural Cristian David Rodriguez Gomez
Encargo Para Firmar Cristian David Rodriguez Gomez

También revisar las bandejas de correos no deseados, spam o promociones.",1
Error para avanzar a etapa de firmas,"FIN
Se establece comunicación vía chat con Paola Katherine e indica que se instaló Chrome y lograron realizar la vinculación, mientras que por Edge no lo permitian, Paola autoriza el cierre del incidente y que no requiere de sesión, se cierra el incidente bajo atención",1
Solicitud eliminación de usuario,"Buenas tardes.
Se hace la eliminación del usuario.",2
Solicitud reenvío documentos,"Buenas tardes.
Se hace el reenvío del NIC al cliente, por favor indicar buscar por el siguiente asunto:
Nic Persona Natural Julio Javier Perez Munoz

También revisar las bandejas de correos no deseados, spam y promociones.",1
Error en la descarga de reporte general de preventas,"Buenos dias.
Notamos que en el rango de fechas existe una cantidad de información elevada por lo que esta generando el conflicto, solicitamos realizar la descarga del reporte por rangos de fecha mientras se genera solución permanente.",2
Solicitud reenvío documentos,"Buenas tardes.
Se hace el reenvío del NIC al cliente, por favor indicar buscar por el siguiente asunto:
Nic Persona Natural Denis Maria Arrieta Mendoza

También revisar las bandejas de correos no deseados, spam y promociones.",1
Solicitud eliminación de usuario,"Buenas tardes.
Se hace la eliminación del usuario.",2
Solicitud reenvío documentos,"Buenos días.
Se revisa el caso y notamos que hay 2 vinculaciones con este cliente en la cual en la del encargo 0602000140333925 se firmó solamente el NIC y en el 0602000140334725 se firmó el Encargo por ende no se culminó la firma de una vinculación completamente.

Se observa también que estos documentos se firmaron el día 26/06/2023 hace mas de 1 año, por lo cual ya no pueden ser reenviados para culminar la firma.

Se recomienda realizar una nueva vinculación y culminarla lo antes posible.",1
Error en la asignación de proyectos a usuario,"Buenos días.
Se le agregan los proyectos al asesor, por favor revisar.",2
Solicitud reenvío documentos,"Buenos días.
Se hace el reenvío de los documentos al nuevo correo proporcionado, por favor indicar buscar por los siguientes asuntos:
Nic Persona Natural Liliana Carbone Rodriguez
Encargo Para Firmar Liliana Carbone Rodriguez

También revisar las bandejas de correos no deseados, spam y promociones.",1
Solicitud eliminación de usuario,"Buenas tardes.
Se elimina el usuario.",2
Solicitud reenvío documentos,"Buenos días.
Se hace el reenvío de los documentos al cliente faltante, por favor indicar buscar por los siguientes asuntos:
Nic Persona Natural Lina Maria Tavera Gomez
Encargo Para Firmar Lina Maria Tavera Gomez - Andres Mauricio Cruz Carvajal

También revisar las bandejas de correos no deseados, spam y promociones.
",1
Solicitud reenvío documentos,"Buenos días.
Se hace el reenvío del NIC al asesor, por favor indicar buscar por el siguiente asunto:
Nic Persona Natural Whendy Tatiana Carolina Murcia Gualdron

También revisar las bandejas de correos no deseados, spam y promociones.",1
Error en la asignación de proyectos a usuario,"Buenas tardes.
Se asigna el proyecto CONJUNTO RESIDENCIAL REFUGIO DE LAS PALMAS al usuario indicado, por favor revisar.",2
Solicitud reenvío documentos,"Buenas tardes.
Se hace el reenvío del documento al asesor, por favor indicar buscar por el siguiente asunto:
Nic Persona Natural Wilmar Martinez Ocampo

Del caso 0602000140966880 se observa que el día de hoy se realizó la firma del encargo.

También validar las bandejas de correos no deseados, spam y promociones.",0
Solicitud reenvío documentos,"Buenos días.
Se revisa el caso y se observa que la vinculación se creó el 2023-05-18 18:00:52.000 hace más de un año y no se culminaron las firmas, por ende esta no se puede retomar, se recomienda realizar una nueva vinculación.",1
Solicitud eliminación de usuario,"Buenos días.
Se elimina el usuario.",2
Solicitud reenvío documentos,"Buenos días.
Se hace el reenvío de los documentos, por favor indicar buscar por los siguientes asuntos:
Nic Persona Natural Angela Rocio Martinez Agudelo
Encargo Para Firmar Laura Victoria Martinez Agudelo - Angela Rocio Martinez Agudelo

También validar las bandejas de correos no deseados, spam y promociones.",0
Solicitud eliminación de usuario,"Buenos días.
Se hace la eliminación del usuario.",2
Solicitud eliminación de usuario,"Buenas tardes,
Se hace la eliminación del usuario.",2
Solicitud reenvío documentos,"Buenas tardes.
Se hace el reenvío de los documentos, por favor indicar buscar por los siguientes asuntos:
Nic Persona Natural Jhenny Patricia Castro Vargas
Encargo Para Firmar Jhenny Patricia Castro Vargas

También revisar las bandejas de correos no deseados, spam y promociones.",1
Solicitud reenvío documentos,"Buenas tardes.
Se hace el reenvío del NIC al correo registrado fundapp@hotmail.com, por favor indicar buscar por el siguiente asunto:
Nic Persona Natural Gustavo Adolfo Lozano Valencia

También revisar las bandejas de correos no deseados, spam y promociones.",1
Error en la creación de usuarios,"Buenas tardes.
Se hace el registro del usuario en sesión y este queda sin problemas.",2
Solicitud eliminación de usuario,"Buenas tardes.
Se hace la eliminación del usuario.",2
Solicitud eliminación de usuario,"Buenos días.
Se elimina el usuario.",2
Error en etapa de firmas,"Buenas tardes.
Se hace el seguimiento de la vinculación y este envía los documentos sin problema.",1
Solicitud reenvío documentos,"Buenas tardes.
Se hace el reenvío de los documentos al correo registrado jairodrodriguez@hotmail.com, por favor indicar buscar por los siguientes asuntos:
Nic Persona Natural Jairo Daniel Rodriguez Gonzalez
Encargo Para Firmar Jairo Daniel Rodriguez Gonzalez

También revisar las bandejas de correos no deseados, spam y promociones.",1
Solicitud reenvío documentos,"Buenas tardes.
Se hace el reenvío del NIC al correo registrado adrocio217@hotmail.com, por favor indicar buscar por el siguiente asunto:
Nic Persona Natural Adriana Rocio Garcia Lopez

También revisar las bandejas de correos no deseados, spam y promociones.",1
Solicitud reenvío documentos,"Buenas tardes.
Se hace el reenvío del Encargo al correo registrado claluna31@outlook.es, por favor indicar buscar por el siguiente asunto:
Encargo Para Firmar Claudia Patricia Angulo Mantilla

También revisar las bandejas de correos no deseados, spam y promociones.",1
Eliminación de usuario,"Buenas tardes.
Se hace la eliminación del usuario.",2
REENVIO DOCUMENTO NIC Y ENCARGO,"Buenas tardes.
Se hace el reenvío al correo proporcionado, por favor indicar buscar por el siguiente asunto:
Nic Persona Natural Zenaida Del Carmen Oquendo Hernandez
Encargo Para Firmar Zenaida Del Carmen Oquendo Hernandez

También revisar las bandejas de correos no deseados, spam y promociones.
",1
REENVIO DOCUMENTO NIC  Y ENCARGO,"Buenas tardes.
Se hace el reenvío de los documentos al nuevo correo proporcionado paula.m.aranzazu@gmail.com, por favor indicar buscar por los siguientes asuntos:
Nic Persona Natural Paula Andrea Marino Aranzazu
Encargo Para Firmar Paula Andrea Marino Aranzazu - Juan David Suarez Reyes

También validar las bandejas de correos no deseados, spam y promociones.",0
REENVIOO DOCUMNETO NIC Y ENCARGO,"Buenas tardes.
Se hace el reenvío de los documentos al correo registrado alejandroreina189@hotmail.com, por favor indicar buscar por los siguientes asuntos:
Nic Persona Natural Jose Alejandro Reina Luque
Encargo Para Firmar Jose Alejandro Reina Luque

También validar las bandejas de correos no deseados, spam y promociones.",0
"REENVIO DOCUMENTOS NIC, ENCRAGO Y W9","Buenos dias.
Notamos que los documentos ya se encuentran firmados en su totalidad, no es necesario realizar reenvios.",1
Solicitud reenvio de documentación,"Buenos días.
Se hace el reenvío del documento al correo registrado arqdiegovelez@gmail.com, por favor indicar buscar por los siguientes asuntos:
Nic Persona Natural Diego Fernando Velez Serna

También revisar las bandejas de correos no deseados, spam y promociones.",1
GESTION USUARIO,"Buenas tardes.
Se hace el seguimiento del usuario y este logra ingresar a la plataforma.",2
REENVIO DOCUMENTO NIC,"Buenos dias.
Realizamos reenvio de documento nic y encargo al correo pipec_12@hotmail.com por favor indicar a comprador buscar en bandeja de entrada los asuntos: Nic Persona Natural Mario Felipe Alberto Cajigas Leguizamon y Encargo Para Firmar Mario Felipe Alberto Cajigas Leguizamon",1
ELIMINACION USUARIO ONE ID,"Buenos días.
Se hace la eliminación del asesor indicado.",2
"Error en cargue de documentos al Davibox - Vinculación en estado ""Sin Legalizar"" (Documentación firmada)","Buenos días.
Se suben los documentos al active, estos estarán disponibles el día de mañana 14/08/2024 en la herramienta davibox.",0
FALLA FLUJO DE VINCULACION,"No se obtuvo respuesta del Usuario. 
Cerrado por el sistema",2
REENVIO DOCUMENTO NIC,"Buenos dias.
Realizamos reenvio de documento nic al correo arqdiegovelez@gmail.com por favor indicarle a comprador buscar en bandeja de entrada el asunto Nic Persona Natural Diego Fernando Velez Serna",1
REENVIO DOCUMENTO NIC ASESOR,"Buenos dias.
Notamos que existe una vinculacion para el cliente en mencionado que al momento la etapa de firmas ya fue culminada, por favor validar vinculacion con fiduciaria con el código de encargo 602000140931165, reabrir incidente en caso de novedad.",0
REENVIO DOCUMENTO NIC,"Buenos dias.
Realizamos reenvío de documento nic al correo clausanchez8@gmail.com por favor indicarle a comprador buscar en bandeja de entrada el asunto Nic Persona Natural Claudia Anyeli Sanchez Rodriguez",1
REACTIVACION VINCULACION,"Buenos dias.
Se realiza activación, esta pendiente por firmar el documento encargo, se realiza reenvio de este al correo julietholiveros@gmail.com por favor indicarle a comprador buscar en bandeja de entrada el asunto Encargo Para Firmar Julieth Rosmary Oliveros Pacheco",1
REACTIVACION VINCULACION,"Buenos dias.
Se realiza activación de la vinculacion, también se realizo reenvío de documento encargo al correo hectorgualteros01@gmail.com ya que es el que esta pendiente de firmas, por favor indicar a comprador buscar en bandeja de entrada el asunto Encargo Para Firmar Hector Joaquin Gualteros Vargas",1
Error en la generación de informe semestral  no se tiene cargada la totalidad de vinculaciones,"No se obtuvo respuesta del Usuario. 
Cerrado por el sistema",2
REENVIO DOCUMENTO NIC,"Buenos dias.
Realizamos reenvio de documento nic al correo marino.munozmol@gmail.com por favor indicarle a comprador buscar en bandeja de entrada el asunto Nic Persona Natural Marino Octavio Munoz Molano",1
REENVIO DOCUMENTO NIC FIDEICOMISO,"Buenos días.
Se hace el reenvío del documento al correo indicado comunicacionescaliredco@gmail.com, por favor indicar buscar por los siguientes asuntos:
Nic Persona Natural Daniela Salazar Rivera

También revisar las bandejas de correos no deseados, spam y promociones.",1
"Error en etapa de vinculación ""Servicio de registraduría no responde, por favor espere e intente nuevamente""","No se obtuvo respuesta del Usuario. 
Cerrado por el sistema",2
REENVIO DOCUMENTOS DE VINCULACION PROYECTO VIALE 26 - CONSTRUCTORA INGEURBE,"Buenos días.

Del caso 602000140681828 se hace el reenvío del documento al correo indicado arqdiegovelez@gmail.com, por favor indicar buscar por los siguientes asuntos:
Nic Persona Natural Diego Fernando Velez Serna

Del caso 602000140682404 se hace el reenvío del documento al asesor jvargas@comercialingeurbe.com ya que el cliente ya realizo la firma desde el día 06/08/2024 11:20:54 COT, por favor indicar buscar por los siguientes asuntos:
Nic Persona Natural Claudia Alexandra Quijano Chacon

Del caso 602000140477227 se hace el reenvío del documento al asesor czapata@comercialingeurbe.com ya que el cliente ya realizo la firma desde el día 31/07/2024 12:06:09 COT, por favor indicar buscar por los siguientes asuntos:
Nic Persona Natural Bonifacio Moreno Suarez

Del caso 602000140683568 se revisa el link y este está correcto para la retoma, por favor indicar que este se debe de copiar y pegar en una ventana donde ya esté la sesión activa.

También revisar las bandejas de correos no deseados, spam y promociones.",1
REENVIO DOCUMENTO NIC,"Buenas tardes.
Se hace el reenvío del documento al correo registrado efrenmedi24@outlook.com, por favor indicar buscar por los siguientes asuntos:
Nic Persona Natural Efren Medina Silva

También revisar las bandejas de correos no deseados, spam y promociones.",1
REENVIO DOCUMENTO FALTANTE DE FIRMA  NIC,"Buenas tades.
Se hace el reenvío del documento al correo registrado arqdiegovelez@gmail.com, por favor indicar buscar por los siguientes asuntos:
Nic Persona Natural Diego Fernando Velez Serna

También revisar las bandejas de correos no deseados, spam y promociones.",1
REENVIO DOCUMENTOS NIC Y ENCARGO,"Buenas tardes.
Se hace el reenvío del documento al correo indicado erikacuello82@gmail.com, por favor indicar buscar por los siguientes asuntos:
Nic Persona Natural Erika Maria Cuello Ruiz
Encargo Para Firmar Dilan Esteve Gaston Cuello - Erika Maria Cuello Ruiz

También revisar las bandejas de correos no deseados, spam y promociones.",1
REENVIO DOCUMENTO ENCRAGO ASESOR,"Buenos días.
Se hace el reenvío del documento al correo indicado yeyiialex96@gmail.com, por favor indicar buscar por los siguientes asuntos:
Encargo Para Firmar Yady Andrea Manrique Henao - Fernando Gonzalez Osorio

También revisar las bandejas de correos no deseados, spam y promociones.",1
ELIMINACION DE USUARIO ONE ID,"Buenas tardes.
Se hace la eliminación del usuario.",2
REENVIO DOCUEMNTO NIC,"Buenas tardes.
Se hace el reenvío del documento al correo registrado martha.aguilart@hotmail.com, por favor indicar buscar por los siguientes asuntos:
Nic Persona Natural Martha Patricia Aguilar Torres

También revisar las bandejas de correos no deseados, spam y promociones.",1
"REENVIO DOCUMENTO NIC, Y ENCARGO A ASESOR","Buenos días.
Se revisa el caso y se observa que el cliente ya firmó el NIC, hace falta el asesor, se le hace el reenvío al correo registrado valentina.sandoval@constructorabolivar.com, por favor indicar buscar por los siguientes asuntos:
Nic Persona Natural Omar David Castro Serrano
Encargo Para Firmar Omar David Castro Serrano

También revisar las bandejas de correos no deseados, spam y promociones.
",1
REENVIO DOCUMENTO NIC,"Buenos días.
Se hace el reenvío del documento al correo registrado osrealma@gmail.com, por favor indicar buscar por los siguientes asuntos:
Nic Persona Natural Maria Alejandra Ospina Reinoso

También revisar las bandejas de correos no deseados, spam y promociones.",1
Error en cargue de documentos al Davibox  - Documentación Incompleta,"Buenos días.

0602000140976681:
Se hace el reenvío del documento al correo registrado del asesor el cual hace falta por firma del NIC  del segundo comprador con CC. 1018406830 dignam.hernandez@constructoracolpatria.com, por favor indicar buscar por los siguientes asuntos:
Nic Persona Natural Hilda Marcela Gonzalez Gomez

0602000140913189, 0602000140936545:
Se carga la información a los CSV.

0602000140819535, 0602000140947252, 0602000140426331, 0602000140907249:
Se hace el cargue de los documentos al active, estos estarán disponibles el día de mañana 21/08/2024 en la herramienta davibox.

0602000140936164:
Se revisa el caso y se observa que el NIC del CC. 1130598388 se firmó el 14/08/2024 y los documentos fueron cargados correctamente en el active, para que davibox los tomará, se vuelven a poner los documentos disponibles.",0
Error en la generación de informe semestral  no se tiene cargada la totalidad de vinculaciones,"Buenas tardes.
Se da por cerrado el caso después de la confirmación de las pruebas realizadas.",1
CREACION  USUARIO ONEID,"Buenas tardes.
Se hace la eliminación del usuario.",2
documentos firmados y no han llegado para legalización y vinculacion,"Buenas tardes.
Se revisa el caso y se observa que el cliente con CC. 1032432737 no ha realizado la firma del NIC.

Se hace el reenvío del documento al correo registrado kata0043@hotmail.com, por favor indicar buscar por los siguientes asuntos:
Nic Persona Natural Angee Katherine Clavijo Gutierrez


También revisar las bandejas de correos no deseados, spam y promociones.",0
REENVIO DE DOCUMENTO NIC ,"Buenas tardes.
Se hace el reenvío del documento al correo registrado marcelaguzman1986@gmail.com, por favor indicar buscar por los siguientes asuntos:
Nic Persona Natural Yuly Marcela Guzman Olaya

También revisar las bandejas de correos no deseados, spam y promociones.",1
REACTIVACION DE LA VONCULACION ONE ID ,"Buenos días.
Comparto el link para retomar la vinculación, por favor de copiar y pegar el link en una pestaña en la cual ya esté la sesión activa.

https://vinculacionfidudavivienda.davivienda.com/#/forms/basic_data/1721488639/0?isOld=1",2
REENVIO DOCUEMNTO NIC Y ENCARGO,"Buenas tardes.
Se revisa el caso y se observa que el sobre NIC_Persona_Natural_1022408230 fue rechazado el día de ayer:

21/08/2024 16:51:30 - Registrado (0.052 s)
21/08/2024 18:04:34 - Rechazado (0.0 s)

con Motivo de rechazo fima

Por lo tanto no se puede continuar con este proceso, se recomienda generar nuevos documentos para este proceso desde el modulo de retoma.",1
CREACION USUARIO ONEID,"Buenos días.
Se hace la eliminación del usuario.",2
REACTIVACION VINCULACION ONE ID,"Buenos días.
Se hace la consulta con la CC proporcionada y no se encuentran datos en la base de datos, se recomienda iniciar una nueva vinculación.",2
ELIMINACION USUARIO ONE ID ,"Buenas tardes.
Se hace la eliminación del usuario.",2
ERROR CARGUE DAVIBOX ,"Buenos días.
Se revisa el caso y se suben los documentos al active, estos estarán disponibles el día de mañana 24/08/2024 en la herramienta de davibox.",0
REENVIO DOCUMENTO ENCARGO,"Buenas tardes.
Se hace el reenvío del documento al correo registrado jessicaunivio28@gmail.com, por favor indicar buscar por los siguientes asuntos:
Encargo Para Firmar Diana Wvaldina Gutierrez Gonzalez

También revisar las bandejas de correos no deseados, spam y promociones.",1
SOLICITUD REENVIO DOCUMENTOS Y CARGUE DAVIBOX - CONSTRUCTORA CAPITAL BOGOTA,"Buenos días.
Del caso 0602000140556095 se hace el reenvío del documento al correo registrado lizeth_814@hotmail.com, por favor indicar buscar por los siguientes asuntos:
Nic Persona Natural Lizeth Natalia Pena Huertas

Del caso 0602000140575004 se hace el reenvío del documento al correo registrado pilar.gomez65@hotmail.com, por favor indicar buscar por los siguientes asuntos:
Nic Persona Natural Maria Del Pilar Gomez Sanchez

Del caso 0602000140575210 se hace el reenvío del documento al correo registrado del asesor vivopark3@constructoracapital.com, por favor indicar buscar por los siguientes asuntos:
Nic Persona Natural Warlenys Madelein Arcos Navarro

Del caso 0602000140575434 se hace el reenvío del documento al correo registrado del asesor vivopark3@constructoracapital.com, por favor indicar buscar por los siguientes asuntos:
Encargo Para Firmar Kimberly Natalia Montana Silva

Del caso 0602000140576473 se hace el reenvío del documento al correo registrado danny0818marroquin@gmail.com, por favor indicar buscar por los siguientes asuntos:
Encargo Para Firmar Danny Steven Marroquin Villarreal

Del caso 0602000140581325 se hace el reenvío del documento al correo registrado del asesor vivopark3@constructoracapital.com, por favor indicar buscar por los siguientes asuntos:
Encargo Para Firmar Rosalba Pinilla Diaz

Del caso 0602000140575038 se observa que el asesor no ha realizado la firma, se hace el reenvío del documento al correo registrado vivopark3@constructoracapital.com, por favor indicar buscar por los siguientes asuntos:
Nic Persona Natural Claudia Lorena Velosa Casallas

También revisar las bandejas de correos no deseados, spam y promociones.",0
Error en descarga de informes detallados,"No se obtuvo respuesta del Usuario. 
Cerrado por el sistema",2
Eliminación de usuario dado que no le permite asignar ningun proyecto,"Buenas tardes.
Se elimina el usuario.",2
PENDIENTE REPORTE DAVIBOX,"Buenos días.
Se cargan los documentos al active, estos estarán disponibles el día de mañana 28/08/2023 en la herramienta de davibox.",0
ELIMINACION DE USUARIO ,"Buenas tardes.
Se elimina el usuario.",2
NO LLEGARON LOS DOCUMENTOS PDF DE DOS CLIUENTES CC 28995529 - 6033947,"Buenos días.
Se cargan los documentos al active, estos estarán disponibles el día de mañana 29/08/2023 en la herramienta de davibox.",0
REENVIO DOCUMENTO NIC INMOBILIARIO ,"Buenos días.
Se hace el reenvío del documento al correo indicado andregodoy1707@gmail.com, por favor indicar buscar por los siguientes asuntos:
Nic Persona Natural Andrea Veronica Godoy Nustez

También revisar las bandejas de correos no deseados, spam y promociones.",1
REENVIO DOCUMENTO W9,"Buenos días.
Se hace el reenvío del documento al correo registrado betancourdianam@gmail.com, por favor indicar buscar por los siguientes asuntos:
Formato W9 para fichar a cliente Diana Milena Betancourt Castaneda

También revisar las bandejas de correos no deseados, spam y promociones.",1
Se evidencia que en la etapa de vinculación de identidad con OTP permite el registro de una línea  celular de tercero,"Buenos días.
El día de ayer se tuvo una sesión con el usuario afectado CAMILA ANDREA ZULUAGA OLARTE, se hacen múltiples pruebas en las cuales se evidencia que  la validación de identidad está funcionando correctamente y no recibe números de terceros.

Anexo imágenes de algunas pruebas realizadas.",2
REPORTE DAVIBOX,"Buenas tardes.
Se cargan los documentos al active, estos estarán disponibles el día de mañana 30/08/2023 en la herramienta de davibox.",0
REENVIO DOCUMENTO NIC ,"Buenos días.
Se hace el reenvío del documento al correo registrado bmireya11@hotmail.com, por favor indicar buscar por los siguientes asuntos:
Nic Persona Natural Blanca Mireya Baron Cortes

También revisar las bandejas de correos no deseados, spam y promociones.",1
REENVIO DOCUMENTO NIC Y ENCARGO ,"Buenos días.
Se hace el reenvío del documento al correo registrado diegogaviria22@hotmail.com, por favor indicar buscar por los siguientes asuntos:
Nic Persona Natural Diego Alejandro Gaviria Arroyave
Encargo Para Firmar Angelica Maria Palacio Cardona - Diego Alejandro Gaviria Arroyave

También revisar las bandejas de correos no deseados, spam y promociones.",1
REACTIVACION VINCULACION ONE ID ,"Buenos días.
Se hace el reenvío del documento al correo registrado bresly1@hotmail.com, por favor indicar buscar por los siguientes asuntos:
Nico Persona Natural Karol Tascon Gomez

También revisar las bandejas de correos no deseados, spam y promociones.",1
FALTAN DOC EN DAVIBOX CLIENTE CC 1114399697 CLAUDIA VELOSA FALTA CC Y ENCARGO,"Buenos días.
Se suben de nuevo los documentos indicados al active, estos estarán disponibles el día de mañana 03/09/2023 en la herramienta de davibox.",0
REENVIO DOCUMENTO NIC INMOBILIARIO ,"Buenos días.
Se hace el reenvío del documento al correo indicado og86398@gmail.com, por favor indicar buscar por los siguientes asuntos:
Nic Persona Natural Oscar Gerardo Garcia

También revisar las bandejas de correos no deseados, spam y promociones.",1
CREACION USUARIO ONEID,"Buenos días.
Se hace la eliminación de los usuarios.",2
REENVIO DOCUMENTO NIC INMOBILIARIO,"Buenos días.
Se hace el reenvío del documento al correo registrado ana-0826@hotmail.com, por favor indicar buscar por los siguientes asuntos:
Nic Persona Natural Ana Paola Guerrero Mendoza

También revisar las bandejas de correos no deseados, spam y promociones.",1
REENVIO DOCUMENTO ENCARGO ,"Buenos días.
Se hace el reenvío del documento al correo registrado monicabonilla530@gmail.com, por favor indicar buscar por los siguientes asuntos:
Encargo Para Firmar Monica Patricia Bonilla Pulido - Milton Cesar Rodriguez Plata

También revisar las bandejas de correos no deseados, spam y promociones.",1
ELIMINACION USUARIO ONE ID,"Buenos días.
Se hace la eliminación del usuario.",2
ELIMINACION USUARIO ONE ID ,"Buenas tardes.
Se hace la eliminación del usuario.",2
CREACION USUARIO ONEID,"Buenas tardes.
Se hace la eliminación del usuario.",2
REENVIO DOCUMENTOS VINCULACION Y CARGUE DOCUMENTOS DAVIBOX,"Buenas tardes.
Se cargan los documentos de ambas vinculaciones al active, estos estarán disponibles el día de mañana 05/09/2024 en la herramienta de davibox.
",0
Se requiere la eliminación de un usuario asesor,"Buenas tardes.
Se hace la eliminación del usuario.",2
ERROR CARGUE DAVIBOX,"Buenas tardes.
Se cargan los documentos al active, estos estarán disponibles el día de mañana 05/09/2024 en la herramienta de davibox.",0
REENVIO DOCUEMNTO NIC Y ENCARGO,"Buenos días.
Se revisa el caso y se observa que los documentos ya fueron firmados completamente el día 2024/09/04, por ende ya la herramienta de davibox los debió tomar.",0
REENVIO DOCUMENTO NIC ,"Buenos días.
Se hace el reenvío del documento al correo registrado del asesor gomez.y@prodesa.com ya que el cliente ya firmó, por favor indicar buscar por los siguientes asuntos:
Nic Persona Natural Manuela Alejandra Acosta Ariza

También revisar las bandejas de correos no deseados, spam y promociones.",1
REENVIO DOCUMENTOS NIC INMOBILIARIO,"Buenos días.
Se hace el reenvío del documento al correo registrado sambog2023@outlook.com, por favor indicar buscar por los siguientes asuntos:
Nic Persona Natural Jorge Enrique Sierra Rodriguez

Se hace el reenvío del documento al correo registrado luzana1104@hotmail.com, por favor indicar buscar por los siguientes asuntos:
Nic Persona Natural Luz Ana Paez Cruz

También revisar las bandejas de correos no deseados, spam y promociones.",1
REENVIO DOCUMENTO NIC ,"Buenos días.
Se hace el reenvío del documento al correo registrado ealejandragr23@gmail.com, por favor indicar buscar por los siguientes asuntos:
Nic Persona Natural Erika Alejandra Guzman Rodriguez

También revisar las bandejas de correos no deseados, spam y promociones.",1
REPLICA DE SOLICITUD RITM0378559 DE ELIMINACIÓN DE USUSARIO,"Buenas tardes.
Se hace la eliminación del usuario.",2
Falla al ingresar al aplicativo ONE ID ,"Buenas tardes.
Se hace sesión y se logra realizar el ingreso de los usuarios los cuales presentaban problema.",2
SOLICITUD DE DOCUMENTOS A FIRMAS ,"Buenas tardes.
Por favor ingresar al siguiente link para realizar la retoma y así poder mandar los nuevos documentos con la opción de actualizar y enviar nuevas firmas:
https://vinculacionfidudavivienda.davivienda.com/#/forms/attach_signature/1725723072/1?retoma=true
(Indicar copiar y pegar el link en una pestaña donde la sesión este activa)",1
SOLICITUD DE DOCUMENTOS A FIRMAS,"Buenos días.
Se hace el reenvío del documento al correo indicado npineda@isa.com.co, por favor indicar buscar por los siguientes asuntos:
Nic Persona Natural Natalia Pineda Betancur
Encargo Para Firmar Natalia Pineda Betancur - Oscar David Tobon Naranjo

También revisar las bandejas de correos no deseados, spam y promociones.",1
Reenvio de documento a asesor diferente al registrado en la solicitud,"Buenos días.
Se hace el reenvío del documento al correo registrado del asesor asesorcomercial3.vinculo@prodesa.com, por favor indicar buscar por los siguientes asuntos:
Nic Persona Natural Flor Emilia Estupinan Holguin

También revisar las bandejas de correos no deseados, spam y promociones.",1
Error en descarga de informes detallados,"No se obtuvo respuesta del Usuario. 
Cerrado por el sistema",2
REENVIO DOCUMENTO NIC ,"Buenos días.
Se hace el reenvío del documento al correo registrado jairodrodriguez@hotmail.com, por favor indicar buscar por los siguientes asuntos:
Nic Persona Natural Jairo Daniel Rodriguez Gonzalez

También revisar las bandejas de correos no deseados, spam y promociones.",1
REENVIO DOCUMENTO ENCARGO,"Buenos días.
Se hace el reenvío del documento al correo registrado luzjesdan@gmail.com, por favor indicar buscar por los siguientes asuntos:
Encargo Para Firmar Luz Elena Lozano Conde

También revisar las bandejas de correos no deseados, spam y promociones.",1
REENVIO DOCUMENTO NIC Y ENCARGO,"Buenos días.
Se hace el reenvío del documento al correo registrado luzmaryrenteria1990@hotmail.com, por favor indicar buscar por los siguientes asuntos:
Nic Persona Natural Luz Mary Renteria
Encargo Para Firmar Luz Mary Renteria

También revisar las bandejas de correos no deseados, spam y promociones.
",1
Error en cargue de inversiones (Sin respuesta),"No se obtuvo respuesta del Usuario. 
Cerrado por el sistema",2
REENVIO DOCUMENTO NIC Y ENCARGO ,"Buenos días.
Se revisa el caso y se observa que los documentos ya fueron firmados completamente el día 2024/08/14, por ende ya la herramienta de davibox los debió tomar.",0
Vlidacion legalizacion de cc 1072672820,"Buenas tardes.
Se cargan los documentos al active, estos estarán disponibles el día de mañana 12/09/2024 en la herramienta de davibox.
",0
Cedula 1010190273,"Buenas tardes.
Se cargan los documentos al active, estos estarán disponibles el día de mañana 12/09/2024 en la herramienta de davibox.",0
Solicitud desbloqueo usuario,"No se obtuvo respuesta del Usuario. 
Cerrado por el sistema",2
ELIMINACION DE USUARIO ,"Buenos días.
Se hace la eliminación del usuario.",2
Solicitud reenvío documentos,"Buenos días. 
Se hace el reenvío del documento al correo registrado javijimed@gmail.com, por favor indicar buscar por los siguientes asuntos:
Encargo Para Firmar Javier Mauricio Jimenez Gomez

También revisar las bandejas de correos no deseados, spam y promociones.",1
ERROR CARGUE DAVIBOX MASIVO,"Buenas tardes.
0602000140963515:
Se cargan los documentos al active, estos estarán disponibles el día de mañana 14/09/2024 en la herramienta de davibox.

0602000140526957:
Se cargan los documentos al active, estos estarán disponibles el día de mañana 14/09/2024 en la herramienta de davibox.

0602000140762982:
Se revisa el caso y se observa que los documentos ya fueron firmados completamente el día 2024/09/11, por ende ya la herramienta de davibox los debió tomar.

0602000141030207:
Se cargan los documentos al active, estos estarán disponibles el día de mañana 14/09/2024 en la herramienta de davibox.

0602000140257496:
Se cargan los documentos al active, estos estarán disponibles el día de mañana 14/09/2024 en la herramienta de davibox.

0602000139926796:
Se cargan los documentos al active, estos estarán disponibles el día de mañana 14/09/2024 en la herramienta de davibox.

0602000140791429:
Se cargan los documentos al active, estos estarán disponibles el día de mañana 14/09/2024 en la herramienta de davibox.

0602000140885452:
Se cargan los documentos al active, estos estarán disponibles el día de mañana 14/09/2024 en la herramienta de davibox.

0602000140750052:
Se revisa y se observa que el cliente con CC.70582020 no ha realizado la firma del NIC, se hace el reenvío del documento al correo registrado lalfonsoperez1982@gmail.com, por favor indicar buscar por los siguientes asuntos:
Nic Persona Natural Luis Alfonso Perez Sanchez

0602000140911555:
No se encuentran datos en la BD sobre esta vinculación, se recomienda iniciar una nueva.

0602000140377104:
Se cargan los documentos al active, estos estarán disponibles el día de mañana 14/09/2024 en la herramienta de davibox.

0602000139998209:
Se cargan los documentos al active, estos estarán disponibles el día de mañana 14/09/2024 en la herramienta de davibox.

0602000140541840:
Se cargan los documentos al active, estos estarán disponibles el día de mañana 14/09/2024 en la herramienta de davibox.

0602000140681455:
Se cargan los documentos al active, estos estarán disponibles el día de mañana 14/09/2024 en la herramienta de davibox.

0602000140889975:
Se revisa y se observa que el cliente con CC.91284972 no ha realizado la firma del NIC, se hace el reenvío del documento al correo registrado lizcano_jairo@hotmail.com, por favor indicar buscar por los siguientes asuntos:
Nic Persona Natural Jairo Alexei Lizcano Manrique

0602000140963630:
Se revisa y se observa que el asesor no ha realizado la firma del NIC, se hace el reenvío del documento al correo registrado del asesor lina.montoya@cbolivar.com , por favor indicar buscar por los siguientes asuntos:
Nic Persona Natural Marlon Fernando Bustos

0602000140971716:
Se revisa el caso y se observa que fueron culminados de firmas el día de hoy 13/09/2024, estos estarán disponibles el día de mañana 14/09/2024 en la herramienta de davibox.

0602000141004822:
Se revisa el caso y se observa que el W9 no fue generado, por favor ingresar al siguiente link para hacer la retoma y enviar generar nuevos documentos:
https://vinculacionfidudavivienda.davivienda.com/#/forms/attach_signature/1725723072/1?retoma=true

0602000141003063:
Se revisa y se observa que el asesor no ha realizado la firma del NIC, se hace el reenvío del documento al correo registrado del asesor johanaaraque@arquitecturayconcreto.com, por favor indicar buscar por los siguientes asuntos:
Nic Persona Natural Mauricio Rendon Munoz

0602000140911787:
Se cargan los documentos al active, estos estarán disponibles el día de mañana 14/09/2024 en la herramienta de davibox.

0602000140258155:
Se cargan los documentos al active, estos estarán disponibles el día de mañana 14/09/2024 en la herramienta de davibox.

0602000141032260:
Se cargan los documentos al active, estos estarán disponibles el día de mañana 14/09/2024 en la herramienta de davibox.

0602000139998415:
Se cargan los documentos al active, estos estarán disponibles el día de mañana 14/09/2024 en la herramienta de davibox.

0602000140770084:
Se revisa y se observa que no ha realizado la firma del NIC, se hace el reenvío del documento al correo registrado del asesor impressivemomentsbymilly@yahoo.com, por favor indicar buscar por los siguientes asuntos:
Formato W9 Para Firmar Cliente Miladys Esther Gamboa Maseas

0602000140774128:
Se revisa el caso y se observa que fueron culminados de firmas el día 11/09/2024, estos estarán disponibles el día de mañana 14/09/2024 en la herramienta de davibox.

0602000140910268:
Se cargan los documentos al active, estos estarán disponibles el día de mañana 14/09/2024 en la herramienta de davibox.

0602000140895337:
Se revisa y se observa que no ha realizado la firma del NIC el CC. 9040038, se hace el reenvío del documento al correo registrado del asesor poloverbel@hotmail.com, por favor indicar buscar por los siguientes asuntos:
Nic Persona Natural Luis Manuel Polo Verbel

0602000140963762:
Se cargan los documentos al active, estos estarán disponibles el día de mañana 14/09/2024 en la herramienta de davibox.

0602000140558976:
Se cargan los documentos al active, estos estarán disponibles el día de mañana 14/09/2024 en la herramienta de davibox.

0602000140909500:
Se cargan los documentos al active, estos estarán disponibles el día de mañana 14/09/2024 en la herramienta de davibox.

0602000140911811:
Se cargan los documentos al active, estos estarán disponibles el día de mañana 14/09/2024 en la herramienta de davibox.

0602000141034308:
Se revisa y se observa que no ha realizado la firma del NIC el CC. 66760732, se hace el reenvío del documento al correo registrado del asesor luz196863@yahoo.com, por favor indicar buscar por los siguientes asuntos:
Formato W9 Para Firmar Cliente Luz Eblyn Lemos Castro

0602000140768435:
Se revisa y se observa que no ha realizado la firma del NIC el CC. 1136884557, se hace el reenvío del documento al correo registrado del asesor fdcasallas@hotmail.com, por favor indicar buscar por los siguientes asuntos:
Nic Persona Natural Fabian David Casallas Cardozo

0602000140957509:
Se cargan los documentos al active, estos estarán disponibles el día de mañana 14/09/2024 en la herramienta de davibox.

0602000140978059:
Se revisa el caso y se observa que fueron culminados de firmas el día de hoy 13/09/2024, estos estarán disponibles el día de mañana 14/09/2024 en la herramienta de davibox.",0
REACTIVACION DE LA VINCULACION ,"Buenos días. 
Se hace el reenvío del documento al correo registrado del asesor erickapatino@arquitecturayconcreto.com, por favor indicar buscar por los siguientes asuntos:
Nic Persona Natural Daniel Ricardo Sanchez Gonzalez

Se hace el reenvío del documento al correo registrado realestate.purify142@passmail.net, por favor indicar buscar por los siguientes asuntos:
Encargo Para Firmar Daniel Ricardo Sanchez Gonzalez

También revisar las bandejas de correos no deseados, spam y promociones.",1
ERROR CARGUE DAVIBOX,"Buenos días. 
Se revisa el caso y se observa que el asesor no ha firmado el NIC, se hace el reenvío del documento al correo registrado dignam.hernandez@constructoracolpatria.com, por favor indicar buscar por los siguientes asuntos:
Nic Persona Natural Sandra Beatriz Calderon Barrera

También revisar las bandejas de correos no deseados, spam y promociones.",0
REENVIOK DUCUMNETO NIC INMOBILIRIO,"Buenos días. 
Se hace el reenvío del documento al correo indicado nohoritaji1@gmail.com, por favor indicar buscar por los siguientes asuntos:
Nic Persona Natural Nohora Alejandra Jimenez Abril

También revisar las bandejas de correos no deseados, spam y promociones.",1
ERROR EN DILIGENCIAMIENTO EN OINE ID ,"Buenos días.
Se hace seguimiento del caso y se logra enviar a firmas.",1
NO PERMITE DESCARGAR REPORTES DETALLADOS,"No se obtuvo respuesta del Usuario. 
Cerrado por el sistema",2
REENVIO DOCUMENTO NIC Y ENCARGO ,"Buenos días. 
Se hace el reenvío del documento al correo indicado gladyselena6308@gmail.com, por favor indicar buscar por los siguientes asuntos:
Nic Persona Natural Gladys Elena Candelario Meneses
Encargo Para Firmar Daniela Sofia Zuniga Candelario - Gladys Elena Candelario Meneses

También revisar las bandejas de correos no deseados, spam y promociones.",1
REENVIO DOCUMENTO NIC INMOBILIARIO ,"Buenos días. 
Se hace el reenvío del documento al correo registrado yeyo280487@gmail.com, por favor indicar buscar por los siguientes asuntos:
Nic Persona Natural Diego Eduardo Serrate Munoz

También revisar las bandejas de correos no deseados, spam y promociones.",1
REENVIO DOCUMENTO NIC Y ENCARGO ,"Buenos días. 
Se hace el reenvío del documento al correo registrado de.ividcast@hotmail.com, por favor indicar buscar por los siguientes asuntos:
Nic Persona Natural Jose David Tomas Castilla Moreno
Encargo Para Firmar Jose David Tomas Castilla Moreno

También revisar las bandejas de correos no deseados, spam y promociones.",1
REACTIVACION VINCULACION ONE ID ,"Buenos días.
Como se comentó no se envió a firmas el encargo 0602000140309750, esta vinculación ya supera el año ya que fue creada el día 2023-06-10 12:05:41.000 y no se puede retomar, se recomienda crear una nueva vinculación.",1
ELIMINACION USUARIO ONE ID ,"Buenos días.
Se realiza la eliminación del usuario.",2
REENVIO DOCUMENTO NIC Y INMOBILIARIO ,"Buenos días. 
Se hace el reenvío del documento al correo registrado milurosa53@hotmail.com, por favor indicar buscar por los siguientes asuntos:
Nic Persona Natural Myriam Luisa Rodriguez De Guevara
Encargo Para Firmar Myriam Luisa Rodriguez De Guevara - Luis Alberto Guevara Gaitan

También revisar las bandejas de correos no deseados, spam y promociones.",1
REENVIO DOCUMENTO NIC ,"Buenos días. 
Se hace el reenvío del documento al correo registrado bacastillopardo@gmail.com, por favor indicar buscar por los siguientes asuntos:
Nic Persona Natural Brayann Alberto Castillo Pardo

También revisar las bandejas de correos no deseados, spam y promociones.",1
REPORTE DAVIBOX ,"Buenas tardes.
Se cargan los documentos al active, estos estarán disponibles el día de mañana 21/09/2024 en la herramienta de davibox.
",0
REENVIO DOCUMENTO NIC INMOBILIARIO ,"Buenos días. 
Se hace el reenvío del documento al correo registrado julianovoa07@hotmail.com, por favor indicar buscar por los siguientes asuntos:
Nic Persona Natural Julian Ferney Novoa Diaz

También revisar las bandejas de correos no deseados, spam y promociones.",1
cliente ya tiene documentos firmados pero no esta legalizado,"Buenos días.
Se revisa el caso y se observa que se generó más de un documento NIC, esto es debido a que el asesor al momento de mandar los documentos le da clic más de una vez al botón de enviar a firmas, esto se da debido a que el internet o el PC van lento y les permite realizar clic más de una vez ya que esto se encuentra validado en el aplicativo.

Se cargan los documentos al active, estos estarán disponibles el día de mañana 25/09/2024 en la herramienta de davibox.",0
REPORTE PENDIENTE EN EL DAVIBOX,"Buenos días.
Se revisa el caso y se observa que se generó más de un documento NIC y Encargo, esto es debido a que el asesor al momento de mandar los documentos le da clic más de una vez al botón de enviar a firmas, esto se da debido a que el internet o el PC van lento y les permite realizar clic más de una vez ya que esto se encuentra validado en el aplicativo.

Se cargan los documentos al active, estos estarán disponibles el día de mañana 25/09/2024 en la herramienta de davibox.",0
ELIMINACION DE USUARIO ,"Buenos días.
Se  hace la eliminación del usuario.",2
REENVIO DOCUMENTO NIC ,"Buenos días. 
Se hace el reenvío del documento al correo registrado juncato@hotmail.com, por favor indicar buscar por los siguientes asuntos:
Nic Persona Natural Juan Carlos Torres Lizarazo

También revisar las bandejas de correos no deseados, spam y promociones.",1
REPORTE DAVIBOX ,"Buenas tardes.
Se cargan los documentos al active, estos estarán disponibles el día de mañana 25/09/2024 en la herramienta de davibox.",0
Error en cargue de documentos de vinculaciones diarias a Davibox,"Buenos días.
Se da cierre al incidente con la confirmación de que llegaron todos los documentos.",0
REACTIVACION DE VINCULACION ONE ID ,"Buenos días.
Se hace la revisión del caso y se observa que este se creó el 2023-04-24 17:07:25.000, hace más de 1 año, por ende no es posible retomar esta, se recomienda realizar una nueva vinculación.",2
REENVIO DOCUMENTO NIC INMOBILIARIO ,"Buenos días. 
Se hace el reenvío del documento al correo indicado karen.matiz24@gmail.com, por favor indicar buscar por los siguientes asuntos:
Nic Persona Natural Karen Dayann Matiz Amaya

También revisar las bandejas de correos no deseados, spam y promociones.",1
REENVIO DOCUMENTO NIC INMOBILIARIO,"Buenos días. 
Se hace el reenvío del documento al correo indicado m.orozco.r22@gmail.com, por favor indicar buscar por los siguientes asuntos:
Nic Persona Natural Juliana Maria Orozco Romero

También revisar las bandejas de correos no deseados, spam y promociones.",1
REENVIO DOCUMENTO NIC ,"Buenos días.
Se revisa el caso y se observa que los documentos ya fueron firmados completamente el día 2024/09/26, por ende ya la herramienta de davibox los debió tomar.",0
CREACION USUARIO ONEID,"Buenas tardes.
Se hace la eliminación de los usuarios.",2
ELIMINACION DE USUARIO,"Buenas tardes.
Se hace la eliminación del usuario.",2
Error en cargue de documentos vinculación Preventa Inmobiliaria SuperApp,"No se obtuvo respuesta del Usuario. 
Cerrado por el sistema",1
REENVIO DOCUMENTO NIC INMOBILIARIO ,"Buenos días. 
Se hace el reenvío del documento al correo registrado crchirivella@hotmal.com, por favor indicar buscar por los siguientes asuntos:
Nic Persona Natural Carmen Cecilia Rodriguez Chirivella

También revisar las bandejas de correos no deseados, spam y promociones.",1
"Error ""No puede continuar porque no se ha logrado validar el comprador""","No se obtuvo respuesta del Usuario. 
Cerrado por el sistema",0
Se presenta degradación en la etapa de validación de identidad afectando el proceso de vinculación,"No se obtuvo respuesta del Usuario. 
Cerrado por el sistema",2
Se presenta degradación en la etapa de validación de identidad afectando el proceso de vinculación ,"No se obtuvo respuesta del Usuario. 
Cerrado por el sistema",2
Se presenta degradación en la etapa de validación de identidad afectando el proceso de vinculación,"No se obtuvo respuesta del Usuario. 
Cerrado por el sistema",2
Solicitud eliminación de usuario,"Buenos días.
Se realiza la eliminación del usuario.",2
Solicitud eliminación de usuario,"Buenas tardes.
Se elimina el usuario.",2
Solicitud reenvío documentos,"Buenos días. 
Se hace el reenvío del documento al correo registrado castroanamaria32@gmail.com, por favor indicar buscar por los siguientes asuntos:
Nic Persona Natural Ana Maria Castro Rozo

También revisar las bandejas de correos no deseados, spam y promociones.",1
Solicitud reenvío documentos,"Buenos días. 
Se hace el reenvío del documento al correo registrado hollman.martinez@zebrastudio.com, por favor indicar buscar por los siguientes asuntos:
Nic Persona Natural Hollman Leonardo Martinez Penagos

También revisar las bandejas de correos no deseados, spam y promociones.",1
Solicitud reenvío de documentos,"Buenos días. 
Se hace el reenvío del documento al correo indicado olga.tp31@gmail.com, por favor indicar buscar por los siguientes asuntos:
Nic Persona Natural Olga Lucia Trujillo Perez
Encargo Para Firmar Olga Lucia Trujillo Perez - Carlos Humberto Hurtado Meneses

También revisar las bandejas de correos no deseados, spam y promociones.",1
Se presenta lentitud al completar la etapa de validación de identidad,"No se obtuvo respuesta del Usuario. 
Cerrado por el sistema",2
REENVIO DOCUMENTO NIC Y ENCARGO ,"Buenos días. 
Se hace el reenvío del documento al correo registrado pao_mor@hotmail.com, por favor indicar buscar por los siguientes asuntos:
Nic Persona Natural Nelsy Paola Moreno Morales

También revisar las bandejas de correos no deseados, spam y promociones.",1
REENVIO DOCUMENTO ENCARGO ,"Buenos días. 
Se hace el reenvío del documento al correo registrado ksalcedo@acesco.com, por favor indicar buscar por los siguientes asuntos:
Encargo Para Firmar Karen Sugey Salcedo Rebolledo

También revisar las bandejas de correos no deseados, spam y promociones.",1
Error en descarga de informes detallados,"Buenas tardes.
este error ocurre con usuario de pruebas que es Camila Zuluaga que contiene 19 vinculaciones que no es normal.",2
NO LLEGO CORREO DE FINALIZACIÓN Y CONFIRMACIÓN DE FIRMAS DE APERTURA (FIDEICOMIS,"No se obtuvo respuesta del Usuario. 
Cerrado por el sistema",1
Solicitud reenvío documentos,"Buenos días. 
Se hace el reenvío del documento al correo registrado crchirivella@hotmail.com, por favor indicar buscar por los siguientes asuntos:
Nic Persona Natural Carmen Cecilia Rodriguez Chirivella

También revisar las bandejas de correos no deseados, spam y promociones.",1
Error cliente con documentación firmada no se encuentra legalizado ,"Buenos días.
Se revisa el caso y se observa que la vinculación fue creada el día 2023-05-10 11:42:42.000 hace más de 1 año, por ende los documentos ya no están disponibles para la revisión, se recomienda iniciar una nueva vinculación.",0
Solicitud reenvío documentos,"Buenos días. 
Se hace el reenvío del documento al correo registrado lolasanz82@gmail.com, por favor indicar buscar por los siguientes asuntos:
Nic Persona Natural Sirley Gutierrez Lopez

También revisar las bandejas de correos no deseados, spam y promociones.",1
Solicitud reenvío documentos,"Buenos días. 
Se hace el reenvío del documento al correo registrado eriick.2001-yamiid@hotmail.com, por favor indicar buscar por los siguientes asuntos:
Nic Persona Natural Erick Yamid Florez Ostos

También revisar las bandejas de correos no deseados, spam y promociones.",1
Solicitud reenvío documentos,"Buenos días. 
Se hace el reenvío del documento al correo registrado anacrodriguezm1901@gmail.com, por favor indicar buscar por los siguientes asuntos:
Nic Persona Natural Lina Maria Osorio Montoya

Se hace el reenvío del documento al correo registrado janupa01@gmail.com, por favor indicar buscar por los siguientes asuntos:
Encargo Para Firmar Juan Pablo Pachon Wilches - Ana Cecilia Rodriguez Mahecha

También revisar las bandejas de correos no deseados, spam y promociones.",1
Error en cargue de documentos Davibox,"Buenas tardes.
Se revisa el caso con el encargo 0602000139913018 y se observa que el cliente con CC. 32874241 no ha firmado el NIC, se hace el reenvío del documento al correo registrado sugeydelarosamunoz@gmail.com, por favor indicar buscar por los siguientes asuntos:
Nic Persona Natural Sugey De La Rosa Munoz

También revisar las bandejas de correos no deseados, spam y promociones.",0
Error al generar reportes en un rango de fecha específico,"Buenas tardes.
Se hace corrección a nivel de base de datos del formato del campo firmas de una vinculación que quedó con uno que no le corresponde, una vez corregido ya permite realizar la descarga. ",1
Error codigo de proyecto ,"Buenas tardes.
Se realiza el ajuste solicitado.",2
Error al guardar el archivo del contrato de un proyecto ,"Buen día.
Se hace el cargue de los documentos manualmente del proyecto solicitado, esto se debe a que los documentos pesan 12MB cada uno y al momento de hacer el cifrado este sube de peso y no deja guardarlos ya que el limite en el servidor esta de 20MB y al momento de cifrar supera dicho peso.",1
Error en cargue de documentos al Davibox  - Documentación Incompleta,"Buenos días.
Se cargan los documentos al active, estos estarán disponibles el día de mañana 08/10/2024 en la herramienta de davibox.",0
Error en cargue de documentos Davibox,"Buenas tardes.
Se revisa el caso y se  observa que no se ha firmado el documento Encargo por parte del asesor, se hace el reenvío del documento al correo registrado nrincon@coninsa.co, por favor indicar buscar por los siguientes asuntos:
Encargo Para Firmar Nelsi Yaret Nova Abella

También revisar las bandejas de correos no deseados, spam y promociones.

Esto se debe a que inicialmente se rechazó el documento NIC y al momento de generar nuevos documentos este genera el paquete completo, es decir genera nuevos documentos de NIC y Encargo, este nuevo documento Encargo no se ha firmado por parte del asesor.",0
Error al realizar la descarga de reporte detallado,"No se obtuvo respuesta del Usuario. 
Cerrado por el sistema",2
Error en cargue de documentos Davibox,"Buenas tardes.
Se revisa el caso y se observa que efectivamente están firmados, esto es debido a que el día 30/09/2024 se realizó un cambio en la máquina encargada de lanzar los callbacks, se cargan los documentos al active, estos estarán disponibles el día de mañana 11/10/2024 en la herramienta de davibox.",0
Error en la asignación de proyectos a cliente,"No se obtuvo respuesta del Usuario. 
Cerrado por el sistema",2
Error en cargue de documentos Davibox,"Buenos días.
Se revisan los casos y se observa que los documentos están duplicados, esto se debe a que al momento a mandar los documentos a firmas el asesor da varias veces al botón de enviar a firmas y hace que se generen más documentos, este botón ya se encuentra validado al momento de dar clic este se deshabilita pero lo que se ha visto es que a algunos usuarios les va lenta la plataforma ya sea por internet y hace que les permita apretar el botón más de una vez hasta que se manda la petición y se deshabilite como tal el botón, se cargan los documentos al active, estos estarán disponibles el día de mañana 16/10/2024 en la herramienta de davibox.",0
Error en cargue de documentos Davibox,"Buenos días.

La siguiente vinculación no se encuentra, esto puede ser debido a que se haya eliminado el asesor:
0602000140911555

0602000140681794:
No se ha firmado el Encargo, se aumenta el plazo de firma debido a que este ya se encuentra caducado, se observa que el único que firmó el encargo fue el comprador con CC. 9434871, se hace el reenvío del documento al correo registrado victoria198047@gmail.com, por favor indicar buscar por los siguientes asuntos:
Encargo Para Firmar Rosa Victoria Bautista Lopez - Jorge Uriel Guayara Torres

0602000140963630:
No se ha firmado el NIC del comprador con CC. 6537614, se observa que el único que firmó el nic fue el comprador, se hace el reenvío del documento al correo registrado del asesor lina.montoya@cbolivar.com, por favor indicar buscar por los siguientes asuntos:
Nic Persona Natural Marlon Fernando Bustos

0602000140889975:
No se ha firmado el NIC del comprador con CC. 91284972, se hace el reenvío del documento al correo registrado lizcano_jairo@hotmail.com, por favor indicar buscar por los siguientes asuntos:
Nic Persona Natural Jairo Alexei Lizcano Manrique

0602000140336548:
No se ha firmado el NIC del comprador con CC. 59485112, se observa que el único que firmó el nic fue el comprador, se hace el reenvío del documento al correo registrado del asesor yesicav.benavides@constructoracolpatria.com, por favor indicar buscar por los siguientes asuntos:
Nic Persona Natural Javiera Escarria Martinez

0602000141022568:
No se ha firmado el NIC del comprador con CC. 52978350, se observa que nadie firmó el nic , se hace el reenvío del documento al correo registrado veronikagonpese@hotmail.com, por favor indicar buscar por los siguientes asuntos:
Nic Persona Natural Magda Veronica Gonzalez Pelaez

0602000140770084:
No se ha firmado el W9, se hace el reenvío del documento al correo registrado impressivemomentsbymilly@yahoo.com, por favor indicar buscar por los siguientes asuntos:
Formato W9 Para Firmar Cliente Miladys Esther Gamboa Maseas

0602000141034308:
No se ha firmado el W9, se hace el reenvío del documento al correo registrado luz196863@yahoo.com, por favor indicar buscar por los siguientes asuntos:
Formato W9 Para Firmar Cliente Luz Eblyn Lemos Castro

0602000140895337:
No se ha firmado el NIC del comprador con CC. 9040038, se aumenta el plazo de firma debido a que este ya se encuentra caducado, se hace el reenvío del documento al correo registrado 
poloverbel@hotmail.com, por favor indicar buscar por los siguientes asuntos:
Nic Persona Natural Luis Manuel Polo Verbel

0602000140768435:
Se revisa el caso y se observa que las firmas culminaron el día 2024/10/11, por ende ya la herramienta de davibox los debió tomar.

Para las demás vinculaciones:
Se revisan los casos y se observa que los documentos están duplicados, esto se debe a que al momento a mandar los documentos a firmas el asesor da varias veces al botón de enviar a firmas y hace que se generen más documentos, este botón ya se encuentra validado al momento de dar clic este se deshabilita pero lo que se ha visto es que a algunos usuarios les va lenta la plataforma ya sea por internet y hace que les permita apretar el botón más de una vez hasta que se manda la petición y se deshabilite como tal el botón, se cargan los documentos al active, estos estarán disponibles el día de mañana 16/10/2024 en la herramienta de davibox.

También revisar las bandejas de correos no deseados, spam y promociones.",0
Solicitud eliminación de usuario,"Buen dia.
Se realiza eliminacion de usuario en mención.",2
Error en ingreso al aplicativo,"Buenos tardes.
Fue necesario reedesplegar la herramienta nuevamente para solucionar el problema temporalmente ya que encontramos una falla en la red de firebase de one id, se implementa esta solución mientras se valida a fondo el problema.",2
Solicitud eliminación de usuario,"Buenos dias.
Se realiza eliminación de usuario.",2
Se presenta interrupción en el acceso a la aplicación afectando el proceso de vinculación a clientes,"Buenos tardes.
Fue necesario reedesplegar la herramienta nuevamente para solucionar el problema temporalmente ya que encontramos una falla en la red de firebase de one id, se implementa esta solución mientras se valida a fondo el problema.",2
"Error en cargue de documentos al Davibox - Vinculación en estado ""Sin Legalizar"" (Documentación firmada)","Buenas tardes.
Notamos que efectivamente los documentos se ya se encuentran firmados, ocurrió un problema en base de datos y se genero duplicidad de estos lo que ocasionó el problema, al momento se solvento el problema y los documentos estarán disponibles el dia de mañana 22 en la herramienta davibox, Reabrir incidente en caso de novedad.",0
Error en cargue de documentos Davibox,"Buenas tardes.
Notamos que hace falta el documento encargo por firmar, se realiza reenvio de este al comprador nestor12diaz1@gmail.com por favor indicarle buscar en bandeja de entrada el asunto Nic Persona Natural Nestor Elian Diaz Hernandez",0
Solicitud eliminación de usuario,"Buenas tardes.
Usuario eliminado.",2
Solicitud eliminación de usuario,"Buenos dias.
Se realza eliminacion",2
Solicitud eliminación de usuario,"Buenas tardes.
Se realiza eliminado, por favor intentar nuevamente y en caso de novedad reabrir incidente.",2
Error en ingreso al aplicativo,"Buenas tardes.
Como solucion temporal se reedespliega la aplicacion, esto para reestablecerla nuevamente mientras se implementa solucion definitiva",2
Solicitud eliminación de usuario,"Buenas tardes.
Se procede a cerrar el caso.",2
Error en ingreso a la aplicación,"LLAMADA MANUAL
Se realiza llamada manual al funcionario Karen L Jimenez Cortes confirma normalidad en el acceso",1
Error al realizar el abono de canon con ID del titular,"Gracias por la respuesta.
Por favor reabrir incidente en caso de novedad",2
Error en ingreso al aplicativo,"Buenas tardes.
Fue necesario reedesplegar la aplicacion para solventar la falla como solucion temporal mientras se valida la solucion definitiva.",2
"Error en cargue de documentos al Davibox - Vinculación en estado ""Sin Legalizar"" (Documentación firmada) Filenet","Buenas tardes.
Notamos que efectivamente los documentos se encuentran firmados solo que la base de datos de one id no tomo la firma, se realiza ajuste y mañana se vera reflejada 30 de octubre en davibox.",0
Solicitud eliminación de usuario,"Buenas tardes.
Usuario eliminado.",2
Error al realizar el envío de documentos,"Buenas tardes.
Notamos que el documento ya fue generado y enviado al comprador, por favor indicarle a comprador buscar en bandeja de entrada y proceder a la firma.",1
"Error en cargue de documentos al Davibox - Vinculación en estado ""Sin Legalizar"" (Documentación firmada)","Buenas tardes.
Notamos que efectivamente los documentos se encuentran firmados, pero las base de dato no tomo las firmas, se realiza ajuste y los documentos se veran reflejados el dia de mañana 1 de noviembre.
Reabrir incidente en caso de novedad.",0
Se presenta interrupción en el acceso a la aplicación afectando el proceso de vinculación a clientes,"Buenos dias.
Se confirma por parte del usuario afectado ingreso a la herramienta, se procecede con el cierre del incidente luego de implementar solucion temporal.
Seguimos validando en la solucion definitiva.",1
Solicitud asignación de proyectos,"Buenas tardes.
Se gestiona lo solicitado.",2
SOLICITUD: Eliminación de usuario,"Buenos dias.
Usuario eliminado.",2
Error en la asignación de constructoras a usuarios,"Buenas tardes.
Se realiza la asignación del proyecto a los usuarios indicados, se pudo observar que el proyecto que tenían relacionado el cual era IC CONSTRUCTORA SAS fue desactivado el día 2024-01-14 21:13:28 por el usuario PAOLA KATHERINE PERDIGON HASTAMORIR y se creó otro con el nombre IC CONSTRUCTORA S.A.S el día 2024-10-29 08:56:40 por el mismo usuario, el problema que se encontró fue que al momento de desactivar el primero y consultar el usuario este no es capaz de encontrar la constructora inicial ya que fue desactivada, se hace la corrección mediante base de datos para la asignación de la nueva constructora creada.",2
"Error en cargue de documentos al Davibox - Vinculación en estado ""Sin Legalizar"" (Documentación firmada)","Buenos dias.
Notamos que los od de documentos se duplicaron, se realiza ajuste y mañana 8 de nnoviembre los documentos estaran listos en davibox.",0
"Error en cargue de documentos al Davibox - Vinculación en estado ""Sin Legalizar"" (Documentación firmada)","Buenos dias.
Notamos que la base de datos no tomo la firma de los compradores, se realiza ajuste y los documentos estaran disponibles el dia de mañana 8 de noviembre en la herramienta davibox.
",0
SOLICITUD: Eliminación de usuario,"Buenas tardes.
Usuario eliminado.",2
SOLICITUD: Eliminación de usuario,"Buenos dias.
Usuario eliminado.",2
Error en cargue de documentos al Davibox  - Documentación Incompleta,"Buenas tardes.
Notamos que hace falta firmar el documento encargo se realiza reenvio a comprador rafa-fonseca83@hotmail.com por favor indicarle buscar en bandeja de entrada y continuar con el proceso",0
SOLICITUD: Eliminación de usuario,"No se obtuvo respuesta del Usuario. 
Cerrado por el sistema",2
"Error en cargue de documentos al Davibox - Vinculación en estado ""Sin Legalizar"" (Documentación firmada)","Buenos dias.
Notamos que la base de datos no tomo las firmas, se realiza ajuste para la vinculacion y los documentos estaran disponibles el dia de mañana 15 de noviembre.",0
Error en descarga de reporte general,"No se obtuvo respuesta del Usuario. 
Cerrado por el sistema",2
"Error en cargue de documentos al Davibox - Vinculación en estado ""Sin Legalizar"" (Documentación firmada)","Buenas tardes.
Notamos que no estan firmados los documentos w9 de los dos compradores, realizamos reenvio por favor indicar a compradores firmar estos documentos para finalizar el proceso de firmas.",0
SOLICITUD: Eliminación de usuario,"Buenas tardes.
Usuario eliminado.",2
"Error en cargue de documentos al Davibox - Vinculación en estado ""Sin Legalizar"" (Documentación firmada)","Buenas tardes.
Se cargan los documentos, por favor validar el dia de mañana 20 de noviembre en la herramienta davibox",0
"Error en cargue de documentos al Davibox - Vinculación en estado ""Sin Legalizar"" (Documentación firmada)","Buenos dias.
Notamos que la base de datos no tomo la firma del comprador por tal motivo no viajo la informacion a la herramienta davibox, se realiza ajuste y la informacion para esta vinculacion estara disponible el dia de mañana 21 de noviembre.",0
"Error en etapa de validación de identidad ""Sistema de listas no disponible""","No se obtuvo respuesta del Usuario. 
Cerrado por el sistema",2
"Error en cargue de documentos al Davibox - Vinculación en estado ""Sin Legalizar"" (Documentación firmada)","Buenos dias.
Notamos que la firma para el documento encargo la base de datos de la herramienta no la capturo, realizamos ajuste y los documentos se veran reflejados el dia de mañana 22 de noviembre en davibox.",0
Error  al realizar diligenciamiento de formulario para vinculación (Duplicidad de comprador),"Buenos dias.
En la sesion nos informan que para la vinculacion el problema ya no esta, para este caso es necesario replicar el escenario, por tal motivo solicitamos que si vuelve a ocurrir por favor nos informen inmediatamente para revisar procesos ejecutados internamente en la aplicacion de one id.",2
"Error en cargue de documentos al Davibox - Vinculación en estado ""Sin Legalizar"" (Documentación firmada)","Buenas tardes.
Notamos que la firma para el encargo la base de datos no la capturo, realizamos ajuste, por favor validar el dia de mañana 22 de noviembre en davibox.",0
SOLICITUD: Eliminación de usuario,"Buenas tardes.
Usuarios eliminados.",2
"Error en cargue de documentos al Davibox - Vinculación en estado ""Sin Legalizar"" (Documentación firmada)","Buenos días.
Se suben los documentos al active para que la herramienta davibox los tome el día de mañana 23/11/2024, esto se debe a que el callback encargado de esto falló con un documento de la vinculación, se corre de nuevo y ya funciona correctamente.",0
"Error en cargue de documentos al Davibox - Vinculación en estado ""Sin Legalizar"" (Documentación firmada)","Buenos días.
Se revisa el caso y se observa que los documentos se encuentran duplicados, esto se debe a que se está dando varias veces al botón de enviar a firmas, la validación de que el botón se bloquee hasta terminar la petición ya se encuentra pero se ha observado que a algunos asesores el PC o el internet les va mal lo cual les permite realizar esta acción.

Se hace la corrección dejando solo los documentos firmados, es corre el callback correspondiente y quedan en el active, estos documentos estarán disponibles el día de mañana 23/11/2024 en la herramienta davibox.",0
"Error en cargue de documentos al Davibox - Vinculación en estado ""Sin Legalizar"" (Documentación firmada)","Buenos dias.
Notamos que el documento nic se duplicó en la base de datos de la herramienta por tal motivo no viajo a davibox, realizamos ajuste, por favor para esta vinculaion, por favor validar el dia de manaña 26 de noviembre.",0
SOLICITUD: Eliminación de usuario,"Buenos dias.
Usuarios eliminados.",2
"Error en cargue de documentos al Davibox - Vinculación en estado ""Sin Legalizar"" (Documentación firmada)","Buenos dias.
Efectivamente los documentos ya se encuentran firmados, notamos que la firma no fue capturada por la base de datos, se realiza ajuste para esta vinculacion, por favor validar el dia de mañana 27 de noviembre en davibox.",0
SOLICITUD: Eliminación de usuario,"Buenos dias.
Usuarios eliminados.",2
SOLICITUD: Eliminación de usuario,"Señor usuario le recordamos que el reporte realizado obedece a una solicitud que debe ser escalada por medio del flujo de REQ en el portal de servicios ADA, por este motivo se da cierre al caso",2
"Error en cargue de documentos al Davibox - Vinculación en estado ""Sin Legalizar"" (Documentación firmada)","Buenos dias.
Notamos que la base de datos no capturo la firmas, se realiza ajuste para esta vinculacion, por favor validar el dia de mañana 28 de noviembre en davibox.",0
SOLICITUD: Eliminación de usuario,"Señor usuario le recordamos que el reporte realizado obedece a una solicitud que debe ser escalada por medio del flujo de REQ en el portal de servicios ADA, por este motivo se da cierre al caso
",2
"Error en cargue de documentos al Davibox - Vinculación en estado ""Sin Legalizar"" (Documentación firmada)","Buenas tardes.
Notamos que los documentos se duplicaron en la base de datos, por tal motivo no viajaron a davibox, se realiza ajuste para esta vinculacion, por favor validar el dia de mañana 28 de noviembre.",0
"Error en cargue de documentos al Davibox - Vinculación en estado ""Sin Legalizar"" (Documentación firmada)","Buenos días.
Se revisa el caso y se observa que el callback falló en un documento, se lanza de nuevo el callback y lo toma correctamente, estos documentos estarán disponibles el día de mañana 29/11/2024 en la herramienta davibox.",0
"Error en cargue de documentos al Davibox - Vinculación en estado ""Sin Legalizar"" (Documentación firmada)","Buenos días.
Se revisa el caso y se observa que se generaron varios documentos, esto se debe a que el asesor le da varias veces al botón de enviar documentos a firmas, la validación del botón ya se encuentra pero se ha observado que a algunos asesores les va lento ya sea el PC o el internet lo cual les permite realizar esta acción.

Se hace la corrección mediante la base de datos dejando solo los documentos firmados, se corre el callback y estos documentos estarán disponibles el día de mañana 29/11/2024 en la herramienta de davibox.",0
Error en toma de vinculación(Registra otra constructora),"Buenas tardes.
Se revisa el caso y se tiene sesión vía meet con el usuario afectado, se crea una nueva vinculación y esta queda correctamente, se estará siguiendo con la revisión ya que se visualiza que en la primera la creó otro usuario asesor diferente al proporcionado.",2
"Error en cargue de documentos al Davibox - Vinculación en estado ""Sin Legalizar"" (Documentación firmada)","Buenos dias.
Notamos que la base de datos no tomo las firmas del comprador, realizamos ajuste para esta vinculacion, por favor validat el dia de mañana 5 de diciembre en davibox.",0
"Error en cargue de documentos al Davibox - Vinculación en estado ""Sin Legalizar"" (Documentación firmada)","Buenos dias.
Como se muestra en la imagen adjunta, notamos que los documentos se subieron el dia 8 de noviembre, realizamos nuevamente el cargue de estos documentos y estaran disponibles el dia de mañana 5 de diciembre en davibox.",0
"Error en cargue de documentos al Davibox - Vinculación en estado ""Sin Legalizar"" (Documentación firmada)","Buenos dias.
Notamos que las firmas estan completas solo que la base de datos de la herramienta no las capturo, relizamos ajuste para esta vinculacion y los documentos estaran disponibles en davibox el dia de mañana 7 de diciembre.",0
"Error en cargue de documentos al Davibox - Vinculación en estado ""Sin Legalizar"" (Documentación firmada)","Buenas tardes.
Notamos que se duplicaron los documentos en la base de datos, se realiza ajuste para esta vinculacion, por favor validar el dia de mañana 7 de diciembre en davibox.",0
"Error en cargue de documentos al Davibox - Vinculación en estado ""Sin Legalizar"" (Documentación firmada)","Buenas tardes.
Evideciamos que hubo duplicidad en documentos en la base de datos, por tal motivo no se ejecuto el proceso, realizamos ajuste y los documentos estaran disponibles el dia de mañana 7 de diciembre en davibox.",0
"Error en cargue de documentos al Davibox - Vinculación en estado ""Sin Legalizar"" (Documentación firmada)","Buenas tardes.
Notamos que los documentos se duplicaron en base de datos, por tal motivo no llegaron a legalizacion, se realiza ajuste para esta vinculacion y los documentos estaran disponibles mañana 7 de diciembre en davibox",0
"Error en cargue de documentos al Davibox - Vinculación en estado ""Sin Legalizar"" (Documentación firmada)","Buenas tardes.
Notamos que la base de datos no capturo las firmas de los compradores, se realiza ajuste y los documentos estaran disponibles el dia de mañana 7 de diciembre en davibox.",0
"Error en cargue de documentos al Davibox - Vinculación en estado ""Sin Legalizar"" (Documentación firmada)","Buenas tardes.
Notamos que los documentos se subieron el dia 27 de julio como se muestra en la imagen adjunta, lo que quiere decir que el proceso se ejecuto de manera correcta, realizamos cargue nuevamente y los documentos estaran en davibox el dia de mañana 11 de diciembre.",0
Se presenta interrupción en el acceso a la aplicación afectando el proceso de vinculación a clientes,"Buenas tardes,
Fue necesario redesplegar la herramienta como solucion temporal y realizar cambios en el front de la herramienta.
Se cierra incidente con solucion temporal mientra se determina un diagnostico.",2
Se presenta interrupción en el acceso a la aplicación afectando el proceso de vinculación a clientes,"Buenas tardes,
Fue necesario redesplegar la herramienta como solucion temporal y realizar cambios en el front de la herramienta.
Se cierra incidente con solucion temporal mientra se determina un diagnostico.",2
"Error en cargue de documentos al Davibox - Vinculación en estado ""Sin Legalizar"" (Documentación firmada)","Buenos días.
El dia de ayer se validaron las firmas y notamos que la base de datos no la capturó, se realiza ajuste para esta vinculacion y para el dia de hoy 13 de diciembre los documentos ya deberian de estar en la herramienta davibox.",0
"Error en cargue de documentos al Davibox - Vinculación en estado ""Sin Legalizar"" (Documentación firmada)","Buenos dias.
Notamos que la base de datos de la herramienta no tomo las firmas del comprador, se realiza ajuste para esta vinculacion el dia de ayer, a hoy 13 de diciembre los documentos deberian de estar en davibox.",0
"Error en cargue de documentos al Davibox - Vinculación en estado ""Sin Legalizar"" (Documentación firmada)","Buenos dias.
Notams que aun esta pendiente la firma del comprador castillogarciamario92@hotmail.com 79653572 se realiza reenvio de documento, por favor indicarle buscar en bandeja de entrada.",0
"Error en cargue de documentos al Davibox - Vinculación en estado ""Sin Legalizar"" (Documentación firmada)","Buenas tardes.
Notamos que la base de datos no tomo la firma del documento nic del comprador, se realiza ajuste para esta vinculacion y los documentos estaran disponibles en davibox el dia de mañana 14 de diciembre.",0
REPORTE DAVIVBOX ,"Buenos días.
Se revisa el caso y se observa que es debido a que tiene documentos duplicados, se hace la corrección dejando solo los documentos firmados y se suben al active, estos estarán disponibles el día de mañana 17/12/2024.",0
REPORTE DAVIBOX ,"Buenos días.
Se revisa el caso y se observa que se generaron varios documentos, esto se debe a que el asesor le da varias veces al botón de enviar documentos a firmas, la validación del botón ya se encuentra pero se ha observado que a algunos asesores les va lento ya sea el PC o el internet lo cual les permite realizar esta acción.

Se hace la corrección mediante la base de datos dejando solo los documentos firmados, se corre el callback y estos documentos estarán disponibles el día de mañana 19/12/2024 en la herramienta de davibox.",0
Error cargue documentación Davibox,"Buenas tardes.
Se revisan los encargos solicitados en los cuales los siguientes ya se encuentran firmados:
602000140863996
602000140863442
602000140863715
602000140865033
602000140822083
602000140862139

Los siguientes encargos tenían documentos duplicados:
602000140822380
602000140864630
Se revisan los 2 casos y se observa que se generaron varios documentos, esto se debe a que el asesor le da varias veces al botón de enviar documentos a firmas, la validación del botón ya se encuentra pero se ha observado que a algunos asesores les va lento ya sea el PC o el internet lo cual les permite realizar esta acción.

602000141021446:
 Se hace el reenvío al comprador faltante por firma del documento al correo registrado katherojas123@gmail.com, por favor indicar buscar por los siguientes asuntos:
Nic Persona Natural Yeimmy Katherine Rojas Leguizamon

También revisar las bandejas de correos no deseados, spam y promociones.",0
"Error en cargue de documentos al Davibox - Vinculación en estado ""Sin Legalizar"" (Documentación firmada)","Buenas tardes.
Se revisa el caso y se observa que se generaron varios documentos, esto se debe a que el asesor le da varias veces al botón de enviar documentos a firmas, la validación del botón ya se encuentra pero se ha observado que a algunos asesores les va lento ya sea el PC o el internet lo cual les permite realizar esta acción.

Se hace la corrección mediante la base de datos dejando solo los documentos firmados, se corre el callback y estos documentos estarán disponibles el día de mañana 20/12/2024 en la herramienta de davibox.",0
REPORTE DAVIBOX ,"Buenos días.
Se revisa el caso y se observa que se generaron varios documentos, esto se debe a que el asesor le da varias veces al botón de enviar documentos a firmas, la validación del botón ya se encuentra pero se ha observado que a algunos asesores les va lento ya sea el PC o el internet lo cual les permite realizar esta acción.

Se hace la corrección mediante la base de datos dejando solo los documentos firmados, se corre el callback y estos documentos estarán disponibles el día de mañana 21/12/2024 en la herramienta de davibox.",0
"Error en cargue de documentos al Davibox - Vinculación en estado ""Sin Legalizar"" (Documentación firmada)","Buenos días.
Se revisa el caso y se observa que los documentos se encuentran duplicados, se hace la corrección mediante base de datos y se corre el callback de forma manual, se cargan los documentos al active, estos estarán disponibles el día de mañana 24/12/2024 en la herramienta de davibox.
",0
"Error en cargue de documentos al Davibox - Vinculación en estado ""Sin Legalizar"" (Documentación firmada)","Buenos días.
Se revisa el caso y se observa que se generaron varios documentos, esto se debe a que el asesor le da varias veces al botón de enviar documentos a firmas, la validación del botón ya se encuentra pero se ha observado que a algunos asesores les va lento ya sea el PC o el internet lo cual les permite realizar esta acción.

Se hace la corrección mediante la base de datos dejando solo los documentos firmados, se corre el callback y estos documentos estarán disponibles el día de mañana 25/12/2024 en la herramienta de davibox.",0
REPORTE DAVIBOX ,"Buenas tardes.
Se cargan los documentos al active, estos estarán disponibles el día de mañana 27/12/2024 en la herramienta de davibox.",0
REPORTE DAVIBOX,"Buenas tardes.
Se cargan los documentos al active, estos estarán disponibles el día de mañana 27/12/2024 en la herramienta de davibox.",0
Descarga de Reporte general,"Buenas tardes.
Se realiza el cambio en el aplicativo web, por favor probar.

Quedo atento a cualquier inconveniente.",2
Error al  cargar las referencias del proyecto marawa,"Buenos días.
Se tiene sesión con el usuario y se hace la corrección de campos mal diligenciados del archivo que se estaba subiendo y ya lo deja con normalidad.",2
"Error en cargue de documentos al Davibox - Vinculación en estado ""Sin Legalizar"" (Documentación firmada)","Buenas tardes.
Se revisa el caso y se observa que el documentos encargo no fue firmado por el asesor, se hace el reenvío del documento al correo registrado jiseth.parra.ext@constructorabolivar.com, por favor indicar buscar por los siguientes asuntos:
Encargo Para Firmar Andres Rolando Salamanca Gonzalez

También revisar las bandejas de correos no deseados, spam y promociones.",0
"Error en cargue de documentos al Davibox - Vinculación en estado ""Sin Legalizar"" (Documentación firmada)","Buenas tardes.
Se revisa el caso y se observa que efectivamente se encuentra firmado, esta falla ocurrió debido a que los días del 9 al 12 de diciembre hubo caídas del servicio, se cargan los documentos al active, estos estarán disponibles el día de mañana 31/12/2024 en la herramienta de davibox.",0
"Error en cargue de documentos al Davibox - Vinculación en estado ""Sin Legalizar"" (Documentación firmada)","Buenos días.
Se ejecuta el callback de nuevo, estos documentos estarán disponibles el día de mañana 01/01/2025 en la herramienta de davibox.",0
"Error en cargue de documentos al Davibox - Vinculación en estado ""Sin Legalizar"" (Documentación firmada)","Buenos días.
Se revisa el caso y se observa que se generaron varios documentos, esto se debe a que el asesor le da varias veces al botón de enviar documentos a firmas, la validación del botón ya se encuentra pero se ha observado que a algunos asesores les va lento ya sea el PC o el internet lo cual les permite realizar esta acción.

Se hace la corrección mediante la base de datos dejando solo los documentos firmados, se corre el callback y estos documentos estarán disponibles el día de mañana 04/01/2025 en la herramienta de davibox.",0
Error en ingreso al aplicativo,"Buenos dias.
Gracias por la respuesta, se procede a cerrar el incidente ya que muy seguramente estaban ingresando al link incorrecto.
Saludos.",2
"Error en cargue de documentos al Davibox - Vinculación en estado ""Sin Legalizar"" (Documentación firmada)","Buenas tardes.
Se cargan los documentos al active, estos estarán disponibles el día de mañana 09/01/2025 en la herramienta de davibox.",0
"Error en cargue de documentos al Davibox - Vinculación en estado ""Sin Legalizar"" (Documentación firmada)","Buenas tardes.
Notamos que los documentos se cargaron el dia de ayer 8 de enero como se muestra en la imagen, al momento los documentos deberian de estar en davibox para legalizar, en caso tal que no por favor reabrir incidente.",0
"Error en cargue de documentos al Davibox - Vinculación en estado ""Sin Legalizar"" (Documentación firmada)","Buenas tardes.
Notamos que hace falta la firma por parte de comprador con el documento nic, se realiza reenvio luzmerydica@hotmail.com por favor indicarle buscar en bandeja de entrada.",0
"Error en cargue de documentos al Davibox - Vinculación en estado ""Sin Legalizar"" (Documentación firmada)","Andrea Karina De voz Vargas  C.C. 1143325621  -->> pendiente firma del doucmento nic por comprador, se realiza reenvio.
Carlos Gregorio Florez Jimenez C.C. 72214706. -->> pendiente firma del documento nic por parte de asesor, se realiza reenvio stefanny.porto@constructorabolivar.com
Maria Ines Camargo Delgado C.C. 32736136  -->> pendiente firma de asesor para encargo gerencia@micinmobiliaria.com",0
"Error en cargue de documentos al Davibox - Vinculación en estado ""Sin Legalizar"" (Documentación firmada)","Buenas tardes.
Se cargan los documentos al active, estos estarán disponibles el día de mañana 11/01/2025 en la herramienta de davibox.",0
"Error en cargue de documentos al Davibox - Vinculación en estado ""Sin Legalizar"" (Documentación firmada)","Buenas tardes.
Se revisa el caso y se observa que se generaron varios documentos, esto se debe a que el asesor le da varias veces al botón de enviar documentos a firmas, la validación del botón ya se encuentra pero se ha observado que a algunos asesores les va lento ya sea el PC o el internet lo cual les permite realizar esta acción.

Se hace la corrección mediante la base de datos dejando solo los documentos firmados, se corre el callback y estos documentos estarán disponibles el día de mañana 11/01/2025 en la herramienta de davibox.",0
"Error en cargue de documentos al Davibox - Vinculación en estado ""Sin Legalizar"" (Documentación firmada)","Buenos días.
Se cargan los documentos al active, estos estarán disponibles el día de mañana 13/01/2025 en la herramienta de davibox.",0
"Error en cargue de documentos al Davibox - Vinculación en estado ""Sin Legalizar"" (Documentación firmada)","Buenas tardes.
Se revisa el caso y se observa que se generaron varios documentos, esto se debe a que el asesor le da varias veces al botón de enviar documentos a firmas, la validación del botón ya se encuentra pero se ha observado que a algunos asesores les va lento ya sea el PC o el internet lo cual les permite realizar esta acción.

Se hace la corrección mediante la base de datos dejando solo los documentos firmados, se corre el callback y estos documentos estarán disponibles el día de mañana 14/01/2025 en la herramienta de davibox.",0
"Error en cargue de documentos al Davibox - Vinculación en estado ""Sin Legalizar"" (Documentación firmada)","Buenas tardes.
Se cargan los documentos al active, estos estarán disponibles el día de mañana 14/01/2025 en la herramienta de davibox.",0
"Error en cargue de documentos al Davibox - Vinculación en estado ""Sin Legalizar"" (Documentación firmada)","Buenas tardes.
Se cargan los documentos al active, estos estarán disponibles el día de mañana 14/01/2025 en la herramienta de davibox.",0
"Error en cargue de documentos al Davibox - Vinculación en estado ""Sin Legalizar"" (Documentación firmada)","Buenos días.
Se cargan los documentos al active, estos estarán disponibles el día de mañana 18/01/2025 en la herramienta de davibox.",0
"Error en cargue de documentos al Davibox - Vinculación en estado ""Sin Legalizar"" (Documentación firmada)","Buenas tardes.
Notamos que la base de datos no capturo las firmas de la vinculacion, realizamos ajuste para esta, por favor validar el dia de mañana 16 de enero en davibox.",0
"Error en cargue de documentos al Davibox - Vinculación en estado ""Sin Legalizar"" (Documentación firmada)","Buenas tardes.
Como se muestra en la imagen adjunta los documentos se procesaron el dia 9 de enero, realizamos cargue nuevamente y estos estaran disponibles nuevamente el dia de mañana 16 de enero.",0
"Error en cargue de documentos al Davibox - Vinculación en estado ""Sin Legalizar"" (Documentación firmada)","Buenas tardes.
Notamos que las base de datos no tomo las firmas del documento nic, se realiza ajuste para esta vinculacion y los documentos estaran disponibles el dia de mañana 16 de enero.",0
"Error en cargue de documentos al Davibox - Vinculación en estado ""Sin Legalizar"" (Documentación firmada)","Buenas tardes,
Notamos que la base de datos no capturo la firma del documento nic, se realiza ajuste para esta vinculacion y los documentos estaran disponibles el dia de mañana 16 de enero.",0
"Error en cargue de documentos al Davibox - Vinculación en estado ""Sin Legalizar"" (Documentación firmada)","Buenos días.
Se cargan los documentos al active, estos estarán disponibles el día de mañana 18/01/2025 en la herramienta de davibox.",0
"Error en cargue de documentos al Davibox - Vinculación en estado ""Sin Legalizar"" (Documentación firmada)","Buenas tardes.
Notamos que la base de datos no captura las firmas para el documento nic, se realiza ajuste para esta vinculacion y los documentos estaraan disponibles el dia de mañana 16 de enero.",0
Error en asignación de Proyecto,"Buen dia.
Se realiza eliminado de usuario por favor intentar volver a crear, que que este desde un inicio pudo ser creado de manera repetida por tal motivo genero el conflicto.",2
"Error en cargue de documentos al Davibox - Vinculación en estado ""Sin Legalizar"" (Documentación firmada)","Buenas tardes.
Notamos que la base de datos no capturo la firma del documento nic, se realiza ajuste para esta vinculacion y los documentos estaran disponibles el dia de mañana 17 de enero.",0
Error documentación cargada incompleta Davibox (Cédula),"Buenas tardes.
Como se muestra en la imagen, los documentos se cargaron con cédula de comprador y este estará disponible el dia de mañana 17 de enero.",0
"Error en cargue de documentos al Davibox - Vinculación en estado ""Sin Legalizar"" (Documentación firmada)","Buenas tardes.
Como se muestra en la imagen adjunta, los documentos se tramitaron el dia de ayer, lo cual al momento deberian de estar en davibox.",0
"Error en cargue de documentos al Davibox - Vinculación en estado ""Sin Legalizar"" (Documentación firmada)","Buenos días.
Se cargan los documentos al active, estos estarán disponibles el día de mañana 18/01/2025 en la herramienta de davibox.",0
Error al realizar descarga de reportes,"Buenos días,

La falla reportada se debió a que el formato guardado en la base de datos presentaba un signo } de más, lo cual ocasionaba problemas al momento de realizar la consulta. Además, identificamos que la situación también pudo haberse generado debido a la existencia de documentos duplicados, los cuales requieren un ajuste manual.

Hemos realizado las correcciones necesarias, y ahora el sistema permite consultar con normalidad.

Cabe mencionar que este tipo de casos son muy atípicos, pero seguimos atentos para garantizar que no vuelvan a ocurrir situaciones similares y asegurar el correcto funcionamiento del sistema.",1
"Error en cargue de documentos al Davibox - Vinculación en estado ""Sin Legalizar"" (Documentación firmada)",")
Buenos dias.
Notamos que efectivamente el documento no se subio, realizamos cargue de este manualmente y estara disponible mañana 21 de enero, adicionalmente se sube por este medio.

Saludos.
",0
"Error en cargue de documentos al Davibox - Vinculación en estado ""Sin Legalizar"" (Documentación firmada)","Buenas tardes.
Se revisa el caso y se observa que los documentos ya fueron firmados completamente el día 2024/11/08 y 2024/11/08, por ende ya la herramienta de davibox los debió tomar.",0
"Error en cargue de documentos al Davibox - Vinculación en estado ""Sin Legalizar"" (Documentación firmada)","Buenos días.
Notamos que los documentos se duplicaron en base de datos lo cual ocasionó conflicto al momento de subir los documentos a davibox se realiza ajuste para esta vinculacion y los documentos estaran disponibles el dia de mañana 23 de enero.
",0
SOLICITUD: Eliminación de usuario,"Buenos días.
Viendo la respuesta anterior se procede a cerrar el incidente.",2
SOLICITUD: Eliminación de usuario,"Buen dia.
Por favor radicar un requerimiento ya que lo mencionado no es un incidente tecnico.",2
"Error en cargue de documentos al Davibox - Vinculación en estado ""Sin Legalizar"" (Documentación firmada)","Buenos dias.
Notamos que la base de datos no capturo las firmas del encargo, se realiza ajuste para esta vinculacion y los documentos estaran disponibles el dia de mañana 24 de enero en davibox.",0
SOLICITUD: Cambio de datos de un proyecto,"Buenos dias.
Por favor radicar requerimiento, ya que lo solicitado no es una falla tecnica.",2
"Error en cargue de documentos al Davibox - Vinculación en estado ""Sin Legalizar"" (Documentación firmada)","Buenas tardes.
Notamos que los documentos se duplicaron en base de datos lo que ocaciono el conflicto, se realiza ajuste para esta vinculacion y los documentos estaran disponibles el dia de mañana 24 de enero.",0
Error en ingreso al aplicativo,"Buen dia.
Se realiza sesion el dia de hoy con usuario afectado y se detecta que la herramienta funciona sin problemas.",2
"Error en cargue de documentos al Davibox - Vinculación en estado ""Sin Legalizar"" (Documentación firmada)","Buenas tardes.

Notamos que la base de datos no capturo las firmas, se realiza ajuste para esta vinculacion y los documentos estarán disponibles el dia de mañana 25 enero.",0
"Error en cargue de documentos al Davibox - Vinculación en estado ""Sin Legalizar"" (Documentación firmada)","Buenas tardes.
Notamos que la base de datos no tomó las firmas de los compradores, se realiza ajuste para las vinculaciones en el archivo y los documentos estaran disponibles el dia de mañana 25 de enero.",0
SOLICITUD: Eliminación de usuario,"Buen día estimado usuario, le recordamos que por medio de INCs solamente se brinda atención eventos que corresponden a fallas técnicas del servicio, la solicitud a la cual hace referencia corresponde a un REQ, le agradecemos radicarla por el flujo socializado desde el CGR.",2
"Error en cargue de documentos al Davibox - Vinculación en estado ""Sin Legalizar"" (Documentación firmada)","Buenos dias.
Evidenciamos que falta la firma del comprador Andrea Liliana Patino Narvaez c.c 36752733 para el documento nic, se realiza reenvio al correo andrea.liliana.patino@hotmail.com  por favor indicarle buscar en bandeja de entrada.",0
"Error en cargue de documentos al Davibox - Vinculación en estado ""Sin Legalizar"" (Documentación firmada)","Buenos dias.
Notamos que los documentos se duplicaron en base de datos, lo cual ocaciono el conflicto, se realiza ajuste para esta vinculacion y los documentos estaran disponibles el dia de mañana 5 de febrero en davibox.",0
"Error en cargue de documentos al Davibox - Vinculación en estado ""Sin Legalizar"" (Documentación firmada)","Buenas tardes.

Notamos que los documentos se duplicaron en base de datos lo que ocasionó el conflicto, se realiza ajuste para esta vinculación y los documentos estaran disponibles el dia de mañana 6 de febrero.",0
"Error en cargue de documentos al Davibox - Vinculación en estado ""Sin Legalizar"" (Documentación firmada)","Buenos dias.
Notamos que aun falta la firma del comprador Jhoan Manuel Lozano Herrera c.c 1001944203 para el documento nic, se realiza reenvio de este al correo jhoan14lozano@gmail.com por favor indicarle buscar en bandeja de entrada.",0
SOLICITUD: Cambio de datos de un proyecto,"Buenos dias.
Se realiza cambio de codigo a numero 1.",2
SOLICITUD: Cambio de datos de un proyecto,"Buenas tardes.
Se hace la modificación indicada del proyecto, por favor revisar.",2
"Error en cargue de documentos al Davibox - Vinculación en estado ""Sin Legalizar"" (Documentación firmada)","Buenos dias.
Notamos que el proceso de firmas culmino el dia de ayer, lo cual hoy 14 de febrero los documentos deberian de estar en laherramienta davibox, en caso de novedad por favor reabriri incidente.",0
"Error en cargue de documentos al Davibox - Vinculación en estado ""Sin Legalizar"" (Documentación firmada)","Buenos dias.
Notamos que los documentos se cargaron de manera automática como se muestra en las imagenes adjuntas, realizamos cargue y los documentos estaran disponibles nuevamente en davibox el dia de mañana 18 de febrero.",0
"Error en cargue de documentos al Davibox - Vinculación en estado ""Sin Legalizar"" (Documentación firmada)","Buenas tardes.
Notamos que la herramienta no capturo la firma del comprador, se realiza ajuste para esta vinculacion y los documentos estaran disponibles el dia de mañana18 de febrero.",0
"Error en cargue de documentos al Davibox - Vinculación en estado ""Sin Legalizar"" (Documentación firmada)","Buenas tardes.
Notamos que los documentos se duplicaron en base de datos, se realiza ajuste para esta vinculacion y estos estaran disponibles el dia de mañana 18 de febrero en davibox.",0
"Error en cargue de documentos al Davibox - Vinculación en estado ""Sin Legalizar"" (Documentación firmada)","Buen dia.
Evidenciamos que los documentos se duplicaron en base de datos, lo cual ocasionó el conflicto, se realiza ajuste para esta vinculacion y los documentos estaran disponibles el dia de mañana 19 de febrero.",0
"Error al realizar el envío de documentos para ""Solicitud de Firmas""","No se obtuvo respuesta del Usuario. 
Cerrado por el sistema",1
"Error al realizar el envío de documentos para ""Solicitud de Firmas""","No se obtuvo respuesta del Usuario. 
Cerrado por el sistema",1
"Error en cargue de documentos al Davibox - Vinculación en estado ""Sin Legalizar"" (Documentación firmada)","Buenos dias.
Evidenciamos que el dia de ayer se cargaron los documentos como se muestra en la imagen, se realiza cargue nuevamente para que esten nuevamente disponibles el dia de mañana 21 de febrero.",0
"Error en cargue de documentos al Davibox - Vinculación en estado ""Sin Legalizar"" (Documentación firmada)","Buenos dias.
Evidenciamos que la base de datos no capturo las firmas de los compradores, lo cual ocaciono el conflicto, se realiza ajuste para esta vinculacion y los documentos estaran disponibles el dia de mañana 21 de febrero",0
"Fallo de envio documentos davibox, no llegaron PDF ni archivos csv","Buenos dias.

Se detecta que la ip a la cual estaba haciendo la conexion no estaba parametrizada en las reglas de firewall, se realiza ajuste y se confirma solucion.",0
Error encargo legalizado a una constructora diferente,"Buen dia.
Notamos que se crearon a la vez dos vinculaciones y hubo cruce de informacion esto pudo ocacionar el conflicto, vemos que es un caso muy extraño agradecemos que si vulelva a pasar nos notifiquen.

Saludos.",0
"Error en cargue de documentos al Davibox - Vinculación en estado ""Sin Legalizar"" (Documentación firmada)","Buenas tardes,
Evidenciamos que la base de datos no capturo la firma del documento encargo, se realiza ajuste para esta vinculacion y los documentos estaran disponibles el dia de mañana 25 de febrero.",0
"Error en cargue de documentos al Davibox - Vinculación en estado ""Sin Legalizar"" (Documentación firmada)","Buen dia.

Se revisa el caso y se observa que se generaron varios documentos, esto se debe a que el asesor le da varias veces al botón de enviar documentos a firmas, la validación del botón ya se encuentra pero se ha observado que a algunos asesores les va lento ya sea el PC o el internet lo cual les permite realizar esta acción.

Se hace la corrección mediante la base de datos dejando solo los documentos firmados, se corre el callback y estos documentos estarán disponibles el día de mañana 26/02/2025 en la herramienta de davibox.",0
"Error en cargue de documentos al Davibox - Vinculación en estado ""Sin Legalizar"" (Documentación firmada)","Buen dia.
Evidenciamos que la base de datos no capturo las firmas por tal motivo se ocaciono el conflicto, se realiza ajuste para esta vinculacion y los documentos estaran disponibles el dia de mañana 26 de febrero en davibox",0
"Error en cargue de documentos al Davibox - Vinculación en estado ""Sin Legalizar"" (Documentación firmada)","Buenas dia.
Se revisa el caso y se observa que se generaron varios documentos, esto se debe a que el asesor le da varias veces al botón de enviar documentos a firmas, la validación del botón ya se encuentra pero se ha observado que a algunos asesores les va lento ya sea el PC o el internet lo cual les permite realizar esta acción.

Se hace la corrección mediante la base de datos dejando solo los documentos firmados, se corre el callback y estos documentos estarán disponibles el día de mañana 27/02/2025 en la herramienta de davibox.",0
Error encargo legalizado a una constructora diferente,"Se replica el caso al momento de revisar el problema no detectamos algo anormal se hizo la validación de procesos internos al momento de crear la vinculación y no detectamos problemas, dicho esto es un caso muy atípico lo cual creemos que es muy baja la probabilidad de que pase nuevamente.

Agradecemos que si vuelve a pasar nos informen y hacer una meet para replicar el escenario.

Saludos.",0
"Error en cargue de documentos al Davibox - Vinculación en estado ""Sin Legalizar"" (Documentación firmada)","Buenos dias.
Notamos que la etapa de firmas culmino el dia de ayer lo cual para hoy 28 de febrero los documentos deberian de estar en davibox, de no ser asi por favor reabrir incidente.",0
"Error en cargue de documentos al Davibox - Vinculación en estado ""Sin Legalizar"" (Documentación firmada)","Buenos dias.
Evidenciamos que el proceso de firmas culmino el dia de ayer, lo cual para hoy los documentos ya deberia de estar en davibox",0
Error en visualización constructora (Perfil Administrador),"Buen dia.
Se realiza ajuste asignando la constructora correcta desde base de datos, reabrir incidente en caso de novedad.",2
SOLICITUD: Cambio de tipo de vinculación de Aleatorio a Previnculación,"Buenas tardes.
Se realiza el cambio de tipo de vinculación de Aleatorio a Previnculacion, por favor validar.",0
Error no permite realizar el cambio de clave,"Buen dia.
Gracias por la respuesta, en ese caso seria un problema puntual con navegador.",2
"Error al realizar el envío de documentos para ""Solicitud de Firmas""","No se obtuvo respuesta del Usuario. 
Cerrado por el sistema",1
"Error en cargue de documentos al Davibox - Vinculación en estado ""Sin Legalizar"" (Documentación firmada)","Buenos dias.
Se revisa el caso y se observa que se generaron varios documentos, esto se debe a que el asesor le da varias veces al botón de enviar documentos a firmas, la validación del botón ya se encuentra pero se ha observado que a algunos asesores les va lento ya sea el PC o el internet lo cual les permite realizar esta acción.

Se hace la corrección mediante la base de datos dejando solo los documentos firmados, se corre el callback y estos documentos estarán disponibles el día de mañana 19/03/2025 en la herramienta de davibox.",0
"Error en cargue de documentos al Davibox - Vinculación en estado ""Sin Legalizar"" (Documentación firmada)","Buen dia.
Evidenciamos que la base de datos no capturo las firmas del comprador, se realiza ajuste para esta vinculacion y los documentos estaran disponibles el dia de mañana 22 de marzo.",0
"Error en cargue de documentos al Davibox - Vinculación en estado ""Sin Legalizar"" (Documentación firmada)","Buenas tardes.
Evidenciamos que la base de datos no capturo las firmas del comprador, se realiza ajuste para esta vinculacion y los documentos estaran disponibles el dia de mañana 22 de marzo.",0
Error en ingreso al aplicativo,"Buen dia.
Se realiza eliminacion.",2
"Error en cargue de documentos al Davibox - Vinculación en estado ""Sin Legalizar"" (Documentación firmada)","Buenas tardes.
Evidenciamos que la base de datos no capturo las firmas de los compradores, lo cual ocasionó el conflicto, se realiza ajuste para esta vinculación y los documentos estarán disponibles el dia de mañana 26 de marzo.",0
Error en ingreso al aplicativo,"Buen dia.
Notamos que el usuario no estaba creado en one id, se realiza creacion por parte del coordinandor y el asesor logra entrar a la herramienta.",2
Error documentación cargada incompleta Davibox (Archivos CSV),"Buen dia.
Notamos que los documentos se duplicaron en base de datos, ya se implemento solucion a partir del 14 de marzo, esta vinculacion fue creada antes de esa fecha.",0
Error documentación cargada incompleta Davibox (Archivos CSV),"Buen dia.
Notamos que los documentos se duplicaron en base de datos, se realizo ajuste el dia 14 de marzo, esta vinculacion fue creada antes de esta fecha.",0
Error documentación cargada incompleta Davibox (Archivos CSV),"Buen dia.
Evidenciamos que los documentos se duplicaron en base de datos, se implementa solucion a partir del 14 de marzo, esta vinculacion fue creada antes de esa fecha.",0
"Error en cargue de documentos al Davibox - Vinculación en estado ""Sin Legalizar"" (Documentación firmada)","Buen dia.
Evidenciamos que la herramienta no capturo las firmas del comprador, se realiza ajuste para esta vinculacion y los documentos estaran disponibles en davibox a partir de mañana 29 de marzo.",0
Error documentación cargada incompleta Davibox (Archivos CSV),"Buen dia,
Evidenciamos que la base de  datos no capturo la firma del comprador, se realiza ajuste para esta vinculacion y los documentos estaran disponibles a partir de mañana 29 de marzo.",0
Error documentación cargada incompleta Davibox (Archivos CSV),"Buenos dias.
Evidenciamos que la base de datos no capturo las firmas, se realiza ajuste para esta vinculacion y los documentos estaran disponibles a partir de mañana 29 de marzo.",0
Error documentación cargada incompleta Davibox (Archivos CSV),"Buen dia.
Evidenciamos que se duplicaron los documentos en base de datos lo cual ocaciono el conflicto, se implemente solucion a partir del 14 de marzo, esta vinculacion fue creada antes de esa fecha.",0
"Error en cargue de documentos al Davibox - Vinculación en estado ""Sin Legalizar"" (Documentación firmada)","Buen día

Se cargan los documentos al active, estos estarán disponibles el día de mañana 30/03/2025 en la herramienta de davibox.",0
Error en recepción INFORME_LISTAS_RESTRICTIVAS,"Buen dia.

Se estuvo revisando el problema a fondo y detectamos que no se estaban registrando los logs en la base de datos, lo cual estaba insertando valores nulos o vacíos a la base de datos, se tuvo que realizar ajuste a nivel de software para que tome los logs e ingrese valores llenos, con este ajuste no debería de presentar inconveniente a partir del 29 de abril.

Lamentablemente para los archivos anteriores de esta fecha no se pueden recuperar. ya que no se genero información.

Perdon por las molestias causadas con el incidente.",2
Error documentación cargada incompleta Davibox (Archivos CSV),"Buenos días.
Se revisa el caso y se observa que se generaron varios documentos, esto se debe a que el asesor le da varias veces al botón de enviar documentos a firmas, la validación del botón ya se encuentra pero se ha observado que a algunos asesores les va lento ya sea el PC o el internet lo cual les permite realizar esta acción.

Se hace la corrección mediante la base de datos dejando solo los documentos firmados, se corre el callback y estos documentos estarán disponibles el día de mañana 01/04/2025 en la herramienta de davibox.",0
"Error al realizar el envío de documentos para ""Solicitud de Firmas""","Buen dia.
Gracias por la respuesta, en ese caso evidenciamos que el proceso de envio a firmas no se hizo por el asesor.",1
Error documentación cargada incompleta Davibox (Archivos CSV),"Buen día,

la petición se había quedado en un estado inconsistente. Hemos procedido a poner al primer firmante, pendiente para que pueda volver a hacer el proceso y completar la petición correctamente. 

Para facilitar la gestión, adjunto link de firma para que podáis facilitárselo al firmante:

https://qafirmaelectronica.oneid.com.co/sign-page/eyJ0eXAiOiJKV1QiLCJhbGciOiJIUzI1NiJ9.eyJzZXJ2ZXIiOiJodHRwczovL3FhZmlybWFlbGVjdHJvbmljYS5vbmVpZC5jb20uY28vZG9jdW1lbnRzIiwibm90aWZpY2F0aW9uc0FsbG93ZWQiOiJTTVMsRU1BSUwiLCJjb2RlIjoiMkRKNzE3MzY0NjcwMjAxMzlSMzM2IiwiaGlkZUludHJvIjoiZmFsc2UiLCJzZXRDb2RlIjoiMkRKNzE3MzY0NjcwMjAxMzRUNDExIiwicmVjaXBpZW50S2V5IjoiRklSTUFOVEVfeWVNeTVQUVpjd2dkIiwidHlwZSI6Ik1FU1NBR0UiLCJzaWduU2VydmVyIjoiaHR0cHM6Ly9xYWZpcm1hZWxlY3Ryb25pY2Eub25laWQuY29tLmNvL3NpZ24tcGFnZS8iLCJncm91cENvZGUiOiJmaWR1ZGEifQ.G8O_2Vt0pHANwZIqSir8YB1jghGTAoyGUftJB5Mo2OU

Disculpad las molestias ocasionadas

Muchas gracias

Saludos",0
SOLICITUD: Inactivar referencias,"Buenas tardes.
Se inactivan las referencias solicitadas en el archivo adjunto.",2
"Error en cargue de documentos al Davibox - Vinculación en estado ""Sin Legalizar"" (Documentación firmada)","Buen dia.
Como se muestra en la imagen adjunta, los documentos se procesaron el dia 30 de marzo, realizamos cargue nuevamente de manera manual y estos estaran disponibles a partir de mañana 4 de abril.",0
"Error en cargue de documentos al Davibox - Vinculación en estado ""Sin Legalizar"" (Documentación firmada)","Buen dia.
Se me informa que de parte de fiduciaria la vinculacion ya se encuentra legalizada y los documentos en davibox sin novedad, no fue necesario hacer nada ya que en validacion la vinculacion si se encuentra legalizada.",0
"Error en cargue de documentos al Davibox - Vinculación en estado ""Sin Legalizar"" (Documentación firmada)","Buenos dias.
Evidenciamos que los docuentos se duplicaron en base de datos lo cual ocaciono el conflicto, se implementa ajuste a partir del 14 de marzo, esta vinculación fue creada antes de esa fecha. ",0
SOLICITUD: Eliminación usuario duplicado,"No se obtuvo respuesta del Usuario. 
Cerrado por el sistema",2
Error al generar fideicomiso no registra referencia,"No se obtuvo respuesta del Usuario. 
Cerrado por el sistema",2
SOLICITUD: Cambio de datos de un proyecto,"Buen dia.
Se gestiona lo solicitado.",2
"Error en cargue de documentos al Davibox - Vinculación en estado ""Sin Legalizar"" (Documentación firmada)","Buenos dia.
Evidenciamos que la base de datos no capturo la firma del comprador, se realiza ajuste para esta vinculacion y los documentos estaran disponibles el dia de mañana 10 de abril en davibox.",0
Error documentación cargada incompleta Davibox (Archivos CSV),"Buen dia.
Evidenciamos que la base de datos no capturo la firma del comprador, se realiza ajuste para esta vinculacion y los documentos estaran disponibles en davibox para el dia de mañana 10 de abril.",0
Error documentación cargada incompleta Davibox (Archivos CSV),"Buenas días.
Se revisa el caso y se observa que la base de datos no tomó a firma del encargo, se corre el proceso manual y ya queda ok, estos estarán disponibles el día de mañana 11/04/2025 en la herramienta de davibox.",0
Error documentación cargada incompleta Davibox (Archivos CSV),"Buenos días.
Se revisa el caso y se observa que los documentos ya fueron firmados completamente el día 2025/04/09, por ende ya la herramienta de davibox los debió tomar.",0
Error al generar fideicomiso no registra referencia,"Buenos dias.
Realizamos ajuste a nivel de sofware para resolver el incidente, al momento no deberia de estar presentando el inconveniente.

Por favor disculpar las molestias ocacionadas.",2
Error en visualización de pieza de Bienvenida,"Buenas tardes.
Se revisa el caso y se observa que la falla se debió a que en el subproyecto ETAPA 2 del proyecto FIDEICOMISO IKEBANA CONDOMINIO le hacía falta el tipo de contrato como se muestra en la imágen adjunta, se le aplica el tipo de documento de inversión activa y se envía de nuevo el correo con el asunto Firma completada NIC Persona Natural 1006859259 12042025 ya con la información  correspondiente.",1
Error documentación cargada incompleta Davibox (Archivos CSV),"Buenas tardes.
Se cargan los documentos al active, estos estarán disponibles el día de mañana 15/04/2025 en la herramienta de davibox.",0
Error en visualización de datos segundo comprador no autorizado,"Buenas tardes.
Se revisa el caso y se observa que el comprador se duplicó, se hace la eliminación del 2do, por favor realizar la retoma con el siguiente link:
https://vinculacionfidudavivienda.davivienda.com/#/forms/economy_activity/1744566049/0

(Copiar y pegar el link en una pestaña donde la sesión esté activa)",2
Error documentación cargada incompleta Davibox (Archivos CSV),"Buen dia.
Como se muestra en la imagen adjunta, notamos que los documentos se subieron el dia 28 de marzo 2025, realizamos cargue nuevamente de estos y estarán disponibles el dia de mañana 16 de abril en davibox.",0
SOLICITUD: Cambio de datos de un proyecto,"Buen dia.
Se atiende lo solicitad, indico que no es una falla tecnologica si no un requerimiento.",2
SOLICITUD: Cambio de datos de un proyecto,"Buenas tardes.
Se realiza el cambio solicitado, por favor validar.",0
Error documentación cargada incompleta Davibox (Archivos CSV),"Buenos días.
Se revisa el caso y se observa que se generaron varios documentos, esto se debe a que el asesor le da varias veces al botón de enviar documentos a firmas, la validación del botón ya se encuentra pero se ha observado que a algunos asesores les va lento ya sea el PC o el internet lo cual les permite realizar esta acción.

Se hace la corrección mediante la base de datos dejando solo los documentos firmados, se corre el callback y estos documentos estarán disponibles el día de mañana 22/04/2025 en la herramienta de davibox.",0
Error al grabar asignación de proyectos,"Buenas tardes.
Se agregan los proyectos indicados al usuario mayra.quirogaconstructorabolivar.com.",2
"Error al avanzar en proceso de vinculación ""El proyecto seleccionado no tiene información bancaria del PA""","Buenas tardes.
Se revisa el caso y se observa que los subproyectos ETAPA 1 y ETAPA 2 del proyecto FIDEICOMISO PORTAL DE LOS CEREZOS VIS les hace falta agregar el valor de Banco como se muestra en la imagen adjunta, por favor agregar este valor.",2
"Error en cargue de documentos al Davibox - Vinculación en estado ""Sin Legalizar"" (Documentación firmada)","Buenas tardes.
Se revisa el caso y se observa que hubo error de callback, se ejecuta este manualmente y se cargan los documentos al active, estos estarán disponibles el día de mañana 23/04/2025 en la herramienta de davibox.",0
Error en asignación de constructora a Asesor de Venta,"Buenas tardes.
Se realiza la eliminación del usuario f.duran@nucleoconstructora.com y se le asigna la constructora Natura Living SAS al indicado, el usuario ya no debería presentar inconvenientes.",2
Error en creación de encargo con mismo número para dos clientes,"No se obtuvo respuesta del Usuario. 
Cerrado por el sistema",2
Error documentación cargada incompleta Davibox (Archivos CSV),"Buenos días.
Se revisa el caso y se observa que el callback falló, se corre el proceso manual y queda ok, se cargan los documentos al active, estos estarán disponibles el día de mañana 25/04/2025 en la herramienta de davibox.",0
Error al realizar aportes a encargo fiduciario con ID,"No se obtuvo respuesta del Usuario. 
Cerrado por el sistema",2
Error documentación cargada incompleta Davibox (Archivos CSV),"Buenos días.
Se revisa el caso y se observa que hubo error de callback, se corre el proceso manual y queda ok, se cargan los documentos al active, estos estarán disponibles el día de mañana 25/04/2025 en la herramienta de davibox.",0
Error al realizar aportes a encargo fiduciario con ID,"Buenas tardes.
Se revisa el caso y se observa que los documentos se pusieron disponibles el día 2025/01/08, se vuelve a ejecutar el proceso y se cargan los documentos al active, estos estarán disponibles el día de mañana 25/04/2025 en la herramienta de davibox.",0
Lentitud en etapa de validación de identidad,"Buen dia.
Gracias por la respuesta, actualmente nos encontramos realizando pruebas, pero no hemos encontrado novedad alguna, agradezco nos informes cuando ocurra el problema nuevamente.",2
SOLICITUD: Eliminación usuario duplicado,"Buenos días.
Se asigna el proyecto indicado y se realiza la eliminación del duplicado.",2
Error documentación cargada incompleta Davibox (Archivos CSV),"Buen dia.
Gracias por la respuesta, se procede con el cierre",0
Error documentación cargada incompleta Davibox (Archivos CSV),"No se obtuvo respuesta del Usuario. 
Cerrado por el sistema",0
Error documentación cargada incompleta Davibox (Archivos CSV),"Buen dia.
Como se muestra en la imagen los documentos se cargaron el 16 de abril, se cargaron los documentos nuevamente y estos estaran disponibles en davibox el dia de mañana. Agradezco validar.

Quedamos atentos",0
Error en recepción de documentación corresponde a otro cliente,se procede con cierre de indicente.,2
Error al realizar descarga de reportes,"Buen dia.
Fue necesario cambiar la consulta encargada de validar el reporte general, ya que esta podria estar ocasionando el conflicto, se realiza validacion de base de datos y al momento se encuentra estable.

Dicho esto la aplicación está respondiendo de manera correcta, si vuelve a ocurrir por favor reabrir incidente.",0
Error al realizar descarga de reportes,"Buen dia.
Fue necesario cambiar la consulta encargada de validar el reporte general, ya que esta podria estar ocasionando el conflicto, se realiza validacion de base de datos y al momento se encuentra estable.

Dicho esto la aplicación está respondiendo de manera correcta, si vuelve a ocurrir por favor reabrir incidente.",0
Error documentación cargada incompleta Davibox (Archivos CSV),"Buen dia.
Evidenciamos que los documentos se duplicaron en base de datos lo cual ocaciono el conflicto, se desplego una solucion el dia 14 de marzo, esta vinculacion fue creada antes de esa fecha, agradezco validar si para el dia de mañana 9 de mayo los documentos estan en davibox.

En caso de novedad por favor reabrir incidente.",0
"Error en cargue de documentos al Davibox - Vinculación en estado ""Sin Legalizar"" (Documentación firmada)","Buenos dias.
Evidenciamos que de las vinculaciones mencionadas, los documentos se procesaron en dias anteriores, como se ve en el ejemplo de la imagen adjunta, realizamos cargue de documentos nuevamente y estos estaran disponibles nuevamente a partir de mañana 13 de mayo.

Reabrir incidente en caso de novedad.",0
Error documentación cargada incompleta Davibox (Archivos CSV),"Buenos dias.
Evidenciamos que la firmas del comprador 1102361358 no fue capturada en base de datos, realizamos ajuste para la vinculacion y los documentos estaran disponibles a partir de mañana 13 de mayo.",0
Error documentación cargada incompleta Davibox (Archivos CSV),"Buenas tardes.
Se revisa el caso y se observa que se generaron varios documentos del día 2025-01-25, esto se debe a que el asesor le da varias veces al botón de enviar documentos a firmas, la validación del botón ya se encuentra pero se ha observado que a algunos asesores les va lento ya sea el PC o el internet lo cual les permite realizar esta acción.

Se hace la corrección mediante la base de datos dejando solo los documentos firmados, se corre el callback y estos documentos estarán disponibles el día de mañana 14/05/2025 en la herramienta de davibox.",0
Error documentación cargada incompleta Davibox (Archivos CSV),"Buenos días.
Se revisa el caso y se observa que se generaron varios documentos de la fecha 2025-02-13, esto se debe a que el asesor le da varias veces al botón de enviar documentos a firmas, la validación del botón ya se encuentra pero se ha observado que a algunos asesores les va lento ya sea el PC o el internet lo cual les permite realizar esta acción.

Se hace la corrección mediante la base de datos dejando solo los documentos firmados, se corre el callback y estos documentos estarán disponibles el día de mañana 17/05/2025 en la herramienta de davibox.",0
Error documentación cargada incompleta Davibox (Archivos CSV),"Buenos días.
Se revisa el caso y se observa que se generaron varios documentos, esto se debe a que el asesor le da varias veces al botón de enviar documentos a firmas, la validación del botón ya se encuentra pero se ha observado que a algunos asesores les va lento ya sea el PC o el internet lo cual les permite realizar esta acción.

Se hace la corrección mediante la base de datos dejando solo los documentos firmados, se corre el callback y estos documentos estarán disponibles el día de mañana 17/05/2025 en la herramienta de davibox.",0
Error documentación cargada incompleta Davibox (Archivos CSV),"Buenos días.
Se revisa el caso y se observa que se generaron varios documentos, esto se debe a que el asesor le da varias veces al botón de enviar documentos a firmas, la validación del botón ya se encuentra pero se ha observado que a algunos asesores les va lento ya sea el PC o el internet lo cual les permite realizar esta acción.

Se hace la corrección mediante la base de datos dejando solo los documentos firmados, se corre el callback y estos documentos estarán disponibles el día de mañana 22/05/2025 en la herramienta de davibox.",0
"Error en cargue de documentos al Davibox - Vinculación en estado ""Sin Legalizar"" (Documentación firmada)","Buenas tardes.
Se revisa el caso y se observa que no se ha firmado el documento W9, se hace el reenvío del documento al correo registrado brayaar1@gmail.com, por favor indicar buscar por los siguientes asuntos:
Formato W9 Para Firmar Cliente Brayan Alejandro Angulo Ramos

También revisar las bandejas de correos no deseados, spam y promociones.",0
Error documentación cargada incompleta Davibox (Archivos CSV),"Buenos días.
Se revisa el caso y se observa que se generaron varios documentos, esto se debe a que el asesor le da varias veces al botón de enviar documentos a firmas, la validación del botón ya se encuentra pero se ha observado que a algunos asesores les va lento ya sea el PC o el internet lo cual les permite realizar esta acción.

Se hace la corrección mediante la base de datos dejando solo los documentos firmados, se corre el callback y estos documentos estarán disponibles el día de mañana 22/05/2025 en la herramienta de davibox.",0
Usuario se encuentra creado con otra constructora. Se requiere vincular con Boli,"Buenas tardes.
Se realiza la eliminación del usuario exitosamente.",2
CLIENTE DUPLICADO Y NO PEMITE EL ENVIO A FIRMAS ,"Buenas tardes.
Se revisó el caso y se identificó que hubo una falla en el reporte detallado al momento de consultar por documento. Dicha falla ya fue subsanada. Es importante resaltar que esta situación no afecta ninguna vinculación, por lo tanto, se puede realizar la retoma sin inconvenientes.

por favor realizar la retoma con el siguiente enlace:
https://vinculacionfidudavivienda.davivienda.com/#/forms/attach_signature/1747787395/0

(Copiar y pegar en una pestaña donde la sesión esté activa).",1
ERROR CAIDA DEL DAVIBOX - ARCHIVOS CSV,"Buenas tardes.
Se revisa el caso y se observa que el callback no fue tomado, se corre el callback manualmente y estos documentos estarán disponibles el día de mañana 22/05/2025 en la herramienta de davibox.",0
ERROR CAIDA DEL DAVIBOX - ARCHIVOS CSV,"Buen dia.
Evidenciamos que los documentos se procesaron para el dia 17 de mayo, realizamos cargue de estos nuevamente y estos estaran disponibles en davibox el dia de mañana 23 de mayo.

Reabrir incidente en caso de novedad.",0
ERROR CAIDA DEL DAVIBOX - ARCHIVOS CSV,"Buenas tardes.
Se revisa el caso y se observa que el callback no fue tomado, se corre el callback manualmente y estos documentos estarán disponibles el día de mañana 22/05/2025 en la herramienta de davibox.",0
ERROR CAIDA DEL DAVIBOX - ARCHIVOS CSV,"Buen dia ,
Se realiza la validacion con Claudia Yaneth Espitia Gaona, y se observa que los documentos llegaron sin novedad por favor validar legalizacion.",0
ERROR CAIDA DEL DAVIBOX - ARCHIVOS CSV,"Buenos días.
Se revisa el caso y se observa que el callback no fue tomado, se corre el callback manualmente y estos documentos estarán disponibles el día de mañana 23/05/2025 en la herramienta de davibox.",0
ERROR CAIDA DEL DAVIBOX - ARCHIVOS CSV,"Buenas tardes.
Se revisa el caso y se observa que se generaron varios documentos de la fecha 2025-01-11, se hace la corrección mediante la base de datos dejando solo los documentos firmados, se corre el callback y estos documentos estarán disponibles el día de mañana 29/05/2025 en la herramienta de davibox.",0
ERROR REGISTRO SUB PROYECTO PROYECTO GRAIA CHIA,"Buenos días.
Se lleva a cabo una sesión con el usuario que reportó el inconveniente. Durante la revisión, se realiza el intento de crear el subproyecto y este se genera correctamente, sin presentar ningún tipo de error.
En caso de que la situación vuelva a presentarse, se solicita agendar una reunión por Meet de manera inmediata para revisar el caso en el momento.",2
ERROR CAIDA DEL DAVIBOX - ARCHIVOS CSV,"Buenas tardes.
Se revisa el caso y se observa que el callback no fue tomado, se corre el callback manualmente y estos documentos estarán disponibles el día de mañana 31/05/2025 en la herramienta de davibox.",0
ERROR CAIDA DEL DAVIBOX - ARCHIVOS CSV,"Buenos días.
Se revisa el caso y se observa que se generaron varios documentos de la fecha 2025-02-12, se hace la corrección mediante la base de datos dejando solo los documentos firmados, se corre el callback y estos documentos estarán disponibles el día de mañana 31/05/2025 en la herramienta de davibox.",0
CGRMJ Se presenta degradación en la recepción de OTP para la validación de identidad afectando el proceso de vinculación de clientes en ONE ID,"Buenos dias.

De acuerdo a la confirmacion de normalidad de la herramienta se procede con el cierre del incidente.",1
ERROR CAIDA DEL DAVIBOX - ARCHIVOS CSV,"Buenas tardes.
Evidenciamos que la base de datos no capturo las firmas del comprador, se realiza ajuste para esta vinculacion y los documentos estaran disponibles a partir de mañana 6 de junio",0
ERROR CAIDA DEL DAVIBOX - ARCHIVOS CSV,"Buenos días.
Se revisa el caso y se observa que se rechazaron los documentos y se generaron unos nuevos, de este paquete nuevo no se ha realizado la firma del documento Encargo, se hace el reenvío del documento al correo registrado doriscruz0205@hotmail.com, por favor indicar buscar por los siguientes asuntos:
Encargo Para Firmar Maria Doris Cruz Perez

También revisar las bandejas de correos no deseados, spam y promociones.",0
Reenvio documentos cliente,"Buenas tardes.
Se hace el reenvío del documento al correo registrado menesescamilo526@gmail.com, por favor indicar buscar por los siguientes asuntos:
Nic Persona Natural Juan Camilo Meneses Munoz
Encargo Para Firmar Juan Camilo Meneses Munoz

También revisar las bandejas de correos no deseados, spam y promociones.",1
Reenvio documentos cliente,"Buenas tardes.
Se hace el reenvío del documento al correo registrado belkiscasas_10@hotmail.com, por favor indicar buscar por los siguientes asuntos:
Nic Persona Natural Belkis Alexandra Casas Perez
Encargo Para Firmar Belkis Alexandra Casas Perez

También revisar las bandejas de correos no deseados, spam y promociones.",1
Reenvio encargo para firma,"Buenos días.
Se revisa el caso y se observa que el primer paquete de firmas que se envió fue rechazado en específico el Encargo por ""Motivo de rechazo Firme mal"", por favor realizar la retoma para mandar nuevos documentos a firmas con el siguiente enlace:
https://vinculacionfidudavivienda.davivienda.com/#/forms/attach_signature/1748452177/0

(Copiar y pegar en una pestaña donde la sesión esté activa)",1
Reenvio documentos para firma,"Buenos días.
Se revisa el caso y se observa que las firmas que se envió fue rechazado en específico el NIC por ""Motivo de rechazo 
En información laboral, la empresa correcta debería ser NOWPORTS COLOMBIA SAS"", por favor realizar la retoma para mandar nuevas firmas con el siguiente enlace:
https://vinculacionfidudavivienda.davivienda.com/#/forms/attach_signature/1744147680/0

(Copiar y pegar en una pestaña donde la sesión esté activa)",1
Solicitud reenvio documentos,"Buen día.
Se hace el reenvío del documento al correo registrado juanalco6902@gmail.com, por favor indicar buscar por los siguientes asuntos:
Nic Persona Natural Juan Alejandro Contreras Manosalva

También revisar las bandejas de correos no deseados, spam y promociones.",1
ERROR EN CREACIÓN DE USUARIOS ,"Buen día.
Se revisa el caso y se observa que los usuarios asesores (sharon.patino@amarilo.com, gina.reyes@amarilo.com , lina.casallas@amarilo.com)  fueron creados con normalidad, del usuario elber.guerrer@amarilo.com se revisan logs y no se observa que hayan realizado algún intento de registro en la plataforma.",2
Modificación de proyecto 2820 FIDEICOMISO CALLE 13 en Oneid. ,"Buen día.
Se realiza la eliminación de las etapas del proyecto solicitado con éxito.",2
USUARIO ASESOR TRIPLICADO,"Buen día.
Se revisa el caso y se observa que efectivamente se encuentra triplicado, se elimina el usuario para realizar la creación  nuevamente.",2
Reenvio Documentos para firma,"Buen día.
Se revisa el caso y se observa que el paquete de firmas fue rechazado con ""Motivo de rechazo Firme mal"", se debe realizar una retoma y mandar nuevos documentos, por favor realizar la retoma con el siguiente enlace:
https://vinculacionfidudavivienda.davivienda.com/#/forms/attach_signature/1748452177/0

(Copiar y pegar en una pestaña donde la sesión esté activa)",1
Cargue documentos en Davibox,"Buen día.
Se revisa el caso y se confirma que los documentos fueron disponibilizados el día de ayer. Se vuelven a cargar en el Active, estos estarán disponibles en la herramienta Davibox a partir de mañana, 14 de junio de 2025.",0
ERROR CAIDA DEL DAVIBOX - ARCHIVOS CSV,"Buen día.
Se revisa el caso y se observa que el callback no fue tomado, se corre el callback manualmente y estos documentos estarán disponibles el día de mañana 14/06/2025 en la herramienta de davibox.",0
ERROR CAIDA DEL DAVIBOX - ARCHIVOS CSV,"Buen día.
Se revisa el caso y se observa que el callback no fue tomado, se corre el callback manualmente y estos documentos estarán disponibles el día de mañana 14/06/2025 en la herramienta de davibox.",0
USUARIO NO PUEDE INGRESAR NO LE LLEGAN LOS CODIGOS DE VERIFICACIÓN ,"Buen día.
Se revisan logs y se observa que de parte nuestra la información del mensaje se está mandando correctamente, por favor validar si el correo esta en listas de suspensión.",0
NO LLEGO CIERRRE DE CORREO CON EL NIC Y LA PIEZA COMERCIAL ,"Buen día.
Se revisa el caso y se observa que el callback no fue tomado, se corre el callback manualmente y estos documentos estarán disponibles el día de mañana 17/06/2025 en la herramienta de davibox.",0
ERROR CAIDA DEL DAVIBOX - ARCHIVOS CSV,"Buen día.
Se revisa el caso y se observa que el callback no fue tomado, se corre el callback manualmente y estos documentos estarán disponibles el día de mañana 18/06/2025 en la herramienta de davibox.",0
ERROR CAIDA DEL DAVIBOX - ARCHIVOS CSV,"Buen día.
Se revisa el caso y se observa que el callback no fue tomado, se corre el callback manualmente y estos documentos estarán disponibles el día de mañana 18/06/2025 en la herramienta de davibox.",0
ERROR CAIDA DEL DAVIBOX - ARCHIVOS CSV,"Buen día.
Se revisa el caso y se observa que el callback no fue tomado, se corre el callback manualmente y estos documentos estarán disponibles el día de mañana 18/06/2025 en la herramienta de davibox.",0
ERROR CAIDA DEL DAVIBOX - ARCHIVOS CSV,"Buen día.
Comparto los archivos csv correspondientes en el .zip adjunto.",0
ERROR CAIDA DEL DAVIBOX - ARCHIVOS CSV,"Buen día.
Se revisa el caso y se observa que el callback no fue tomado, se corre el callback manualmente y estos documentos estarán disponibles el día de mañana 19/06/2025 en la herramienta de davibox.",0
ERROR CAIDA DEL DAVIBOX - ARCHIVOS CSV,"Buen día.
Se revisa el caso y se observa que se generaron varios documentos de la fecha 2025-03-10, se hace la corrección mediante la base de datos dejando solo los documentos firmados, se corre el callback y estos documentos estarán disponibles el día de mañana 20/06/2025 en la herramienta de davibox.",0
ERROR CAIDA DEL DAVIBOX - ARCHIVOS CSV,"Buen día.
Se revisa el caso y se observa que el callback no fue tomado, se corre el callback manualmente y estos documentos estarán disponibles el día de mañana 20/06/2025 en la herramienta de davibox.",0
Activacion Vinculacion,"Buen día.
Se revisa el caso y se observa que la vinculación no ha sido culminada, por favor realizar la retoma con el siguiente enlace:
https://vinculacionfidudavivienda.davivienda.com/#/forms/basic_data/1740844464/0

(Copiar y pegar en una pestaña donde la sesión esté activa)",2
SOLICITUD MODIFICACION CONSTRUCTOR PROYECTO ANTALÁ,"Buen día.
Se hace el cambio del proyecto a la constructora indicada.",2
ERROR CAIDA DEL DAVIBOX - ARCHIVOS CSV,"Buen día.
Se revisa el caso y se observa que el callback no fue tomado, se corre el callback manualmente y estos documentos estarán disponibles el día de mañana 20/06/2025 en la herramienta de davibox.",0
ERROR CAIDA DEL DAVIBOX - ARCHIVOS CSV,"Buen día.
Se vuelve a ejecutar los callbacks y se cargan los documentos al active, estos estarán disponibles el día de mañana 20/06/2025 en la herramienta de davibox.",0
ERROR CAIDA DEL DAVIBOX - ARCHIVOS CSV,"Buen día.
Se revisa el caso y se observa que el callback no fue tomado, se corre el callback manualmente y estos documentos estarán disponibles el día de mañana 21/06/2025 en la herramienta de davibox.",0
ERROR CAIDA DEL DAVIBOX - ARCHIVOS CSV,"Buen día.
Se revisa el caso y se observa que el callback no fue tomado, se corre el callback manualmente y estos documentos estarán disponibles el día de mañana 21/06/2025 en la herramienta de davibox.",0
ERROR CAIDA DEL DAVIBOX - ARCHIVOS CSV,"Buen día.
Se revisa el caso y se observa que el callback no fue tomado, se corre el callback manualmente y estos documentos estarán disponibles el día de mañana 21/06/2025 en la herramienta de davibox.",0
Se presenta lentitud en la generación del código OTP etapa de vinculación,"Buen dia.

Con el evolutivo de unificación de archivos para firma se generó un pico sobre el micro servicio en GCP que soporta este proceso, esto debido a que antes de esta actualización los documentos se procesaban de forma individual y ahora se procesa un solo documento unificando los 3 posibles documentos que se trabajan, lo anterior generó intermitencia en algunas vinculaciones.

Esto ya se encuentra resuelto, se ajustaron las características de la infraestructura que soporta el micro servicio, actualmente continuamos monitoreando y la funcionalidad se encuentra estable.",1
ERROR CAIDA DEL DAVIBOX - ARCHIVOS CSV,"Buen día.
Se vuelve a ejecutar el callback para cargar los documentos al active, estos estarán disponibles el día de mañana 21/06/2025 en la herramienta de davibox.",0
Reenvio documentos ,"Buen día.
Se hace el reenvío del documento al correo registrado vequijano@coandes.com, por favor indicar buscar por los siguientes asuntos:
Nic Persona Natural Luis Eduardo Bohorquez Leal
Encargo Para Firmar Elis Johanna Villalba Guerrero - Luis Eduardo Bohorquez Leal

También revisar las bandejas de correos no deseados, spam y promociones.",1
ERROR CAIDA DEL DAVIBOX - ARCHIVOS CSV,"Buen día.
Se revisa el caso y se observa que el callback no fue tomado, se corre el callback manualmente y estos documentos estarán disponibles el día de mañana 25/06/2025 en la herramienta de davibox.",0
ERROR CAIDA DEL DAVIBOX - ARCHIVOS CSV,"Buen día.
Se revisa el caso y se observa que el callback no fue tomado, se corre el callback manualmente y estos documentos estarán disponibles el día de mañana 26/06/2025 en la herramienta de davibox.",0
ERROR CAIDA DEL DAVIBOX - ARCHIVOS CSV,"Buen día.
Se revisa el caso y se observa que el callback no fue tomado, se corre el callback manualmente y estos documentos estarán disponibles el día de mañana 26/06/2025 en la herramienta de davibox.",0
LLEGARON LOS DOCUMENTOS CRUZADOS CON LA INFORMACIÓN DE LOS CLIENTES,"No se obtuvo respuesta del Usuario. 
Cerrado por el sistema",1
LLEGARON LOS DOCUMENTOS CRUZADOS CON LA INFORMACIÓN DE LOS CLIENTES,"No se obtuvo respuesta del Usuario. 
Cerrado por el sistema",1
Falla en el proceso de validación de identidad,"No se obtuvo respuesta del Usuario. 
Cerrado por el sistema",2
LLEGARON LOS DOCUMENTOS CRUZADOS CON LA INFORMACIÓN DE LOS CLIENTES,"No se obtuvo respuesta del Usuario. 
Cerrado por el sistema",1
LLEGARON LOS DOCUMENTOS CRUZADOS CON LA INFORMACIÓN DE LOS CLIENTES,"No se obtuvo respuesta del Usuario. 
Cerrado por el sistema",1
"Retoma de la vinculacion, no permite registrar toda la información del cliente","No se obtuvo respuesta del Usuario. 
Cerrado por el sistema",2
ERROR CAIDA DEL DAVIBOX - ARCHIVOS CSV,"Buen día.
Se da por cerrado el caso con la confirmación del nuevo envío y se verifica que efectivamente los documentos le pertenecen al cliente que le corresponde.",0
LLEGARON LOS DOCUMENTOS CRUZADOS CON LA INFORMACIÓN DE LOS CLIENTES,"No se obtuvo respuesta del Usuario. 
Cerrado por el sistema",1
